,0,1,2,3
0,-0.24061159325725612,0.3944489296124454,-0.7354531601515668,-0.47464229111339185
1,-0.23800560647907476,-0.24061159325725612,0.3944489296124454,-0.7354531601515668
2,0.17825569488114645,-0.23800560647907476,-0.24061159325725612,0.3944489296124454
3,-0.20535306719350332,0.17825569488114645,-0.23800560647907476,-0.24061159325725612
4,0.19696619387006287,-0.20535306719350332,0.17825569488114645,-0.23800560647907476
5,0.15445544634646868,0.19696619387006287,-0.20535306719350332,0.17825569488114645
6,0.9705959589876523,0.15445544634646868,0.19696619387006287,-0.20535306719350332
7,0.3023835302986777,0.9705959589876523,0.15445544634646868,0.19696619387006287
8,-0.7597738980842261,0.3023835302986777,0.9705959589876523,0.15445544634646868
9,-1.5999093992910884,-0.7597738980842261,0.3023835302986777,0.9705959589876523
10,-0.32947254774116086,-1.5999093992910884,-0.7597738980842261,0.3023835302986777
11,-1.24328975312471,-0.32947254774116086,-1.5999093992910884,-0.7597738980842261
12,-0.8020099806989811,-1.24328975312471,-0.32947254774116086,-1.5999093992910884
13,3.9735675902963896,-0.8020099806989811,-1.24328975312471,-0.32947254774116086
14,1.7746924648339713,3.9735675902963896,-0.8020099806989811,-1.24328975312471
15,-0.9193322985775687,1.7746924648339713,3.9735675902963896,-0.8020099806989811
16,3.0538445693327754,-0.9193322985775687,1.7746924648339713,3.9735675902963896
17,27.89484283233361,3.0538445693327754,-0.9193322985775687,1.7746924648339713
18,5.002442232323201,27.89484283233361,3.0538445693327754,-0.9193322985775687
19,7.215526610808887,5.002442232323201,27.89484283233361,3.0538445693327754
20,8.36005113695608,7.215526610808887,5.002442232323201,27.89484283233361
21,13.441649502607467,8.36005113695608,7.215526610808887,5.002442232323201
22,14.750014671952805,13.441649502607467,8.36005113695608,7.215526610808887
23,16.94849506420233,14.750014671952805,13.441649502607467,8.36005113695608
24,-5.051627918269386,16.94849506420233,14.750014671952805,13.441649502607467
25,10.836010609017666,-5.051627918269386,16.94849506420233,14.750014671952805
26,6.6944894789420895,10.836010609017666,-5.051627918269386,16.94849506420233
27,0.0,6.6944894789420895,10.836010609017666,-5.051627918269386
28,0.0,0.0,6.6944894789420895,10.836010609017666
29,0.0,0.0,0.0,6.6944894789420895
30,-23.423618986563667,18.884036568769137,-1.498834073007449,-0.2953869635009654
31,31.00045005691896,-23.423618986563667,18.884036568769137,-1.498834073007449
32,-0.18861722443102025,31.00045005691896,-23.423618986563667,18.884036568769137
33,-26.231458144855544,-0.18861722443102025,31.00045005691896,-23.423618986563667
34,1.3031893292531072,-26.231458144855544,-0.18861722443102025,31.00045005691896
35,0.19121670874842067,1.3031893292531072,-26.231458144855544,-0.18861722443102025
36,-0.5879747302698912,0.19121670874842067,1.3031893292531072,-26.231458144855544
37,0.7144889423064127,-0.5879747302698912,0.19121670874842067,1.3031893292531072
38,-1.2071181335793324,0.7144889423064127,-0.5879747302698912,0.19121670874842067
39,-30.875445277214997,-1.2071181335793324,0.7144889423064127,-0.5879747302698912
40,3.028914654364212,-30.875445277214997,-1.2071181335793324,0.7144889423064127
41,-1.9705332902904882,3.028914654364212,-30.875445277214997,-1.2071181335793324
42,-1.4581800089144115,-1.9705332902904882,3.028914654364212,-30.875445277214997
43,2.3605043229556255,-1.4581800089144115,-1.9705332902904882,3.028914654364212
44,-1.1301384075864784,2.3605043229556255,-1.4581800089144115,-1.9705332902904882
45,6.794824927642984,-1.1301384075864784,2.3605043229556255,-1.4581800089144115
46,-1.509907998141824,6.794824927642984,-1.1301384075864784,2.3605043229556255
47,-0.5309437194149669,-1.509907998141824,6.794824927642984,-1.1301384075864784
48,0.7019724398811045,-0.5309437194149669,-1.509907998141824,6.794824927642984
49,-0.2920040147206371,0.7019724398811045,-0.5309437194149669,-1.509907998141824
50,1.4507907100581807,-0.2920040147206371,0.7019724398811045,-0.5309437194149669
51,-0.8139025725232618,1.4507907100581807,-0.2920040147206371,0.7019724398811045
52,-1.4044477805971844,-0.8139025725232618,1.4507907100581807,-0.2920040147206371
53,-1.5646145253796706,-1.4044477805971844,-0.8139025725232618,1.4507907100581807
54,-2.3361685574001423,-1.5646145253796706,-1.4044477805971844,-0.8139025725232618
55,2.1305708651740085,-2.3361685574001423,-1.5646145253796706,-1.4044477805971844
56,4.239320295921822,2.1305708651740085,-2.3361685574001423,-1.5646145253796706
57,-0.3427681440239416,4.239320295921822,2.1305708651740085,-2.3361685574001423
58,100.0,-0.3427681440239416,4.239320295921822,2.1305708651740085
59,0.0,100.0,-0.3427681440239416,4.239320295921822
60,0.0,0.0,100.0,-0.3427681440239416
61,0.0,0.0,0.0,100.0
62,-25.252421339795315,19.756738227840298,-0.5537737372805052,-2.3584504044274146
63,30.757253257009953,-25.252421339795315,19.756738227840298,-0.5537737372805052
64,-0.22452140511740604,30.757253257009953,-25.252421339795315,19.756738227840298
65,-24.144847715688467,-0.22452140511740604,30.757253257009953,-25.252421339795315
66,-0.8221638131749476,-24.144847715688467,-0.22452140511740604,30.757253257009953
67,-1.9094043064970756,-0.8221638131749476,-24.144847715688467,-0.22452140511740604
68,-1.5753662431437943,-1.9094043064970756,-0.8221638131749476,-24.144847715688467
69,-1.7897036358768603,-1.5753662431437943,-1.9094043064970756,-0.8221638131749476
70,-1.239543141070032,-1.7897036358768603,-1.5753662431437943,-1.9094043064970756
71,-20.71105852901589,-1.239543141070032,-1.7897036358768603,-1.5753662431437943
72,-2.4551903461040747,-20.71105852901589,-1.239543141070032,-1.7897036358768603
73,-1.7050914460269184,-2.4551903461040747,-20.71105852901589,-1.239543141070032
74,-2.6281630432743674,-1.7050914460269184,-2.4551903461040747,-20.71105852901589
75,-1.2124851918242419,-2.6281630432743674,-1.7050914460269184,-2.4551903461040747
76,-0.8612077141953889,-1.2124851918242419,-2.6281630432743674,-1.7050914460269184
77,0.12984794122672394,-0.8612077141953889,-1.2124851918242419,-2.6281630432743674
78,-0.8427844779553162,0.12984794122672394,-0.8612077141953889,-1.2124851918242419
79,1.5221899550525109,-0.8427844779553162,0.12984794122672394,-0.8612077141953889
80,0.029903379264184515,1.5221899550525109,-0.8427844779553162,0.12984794122672394
81,0.7348254719618419,0.029903379264184515,1.5221899550525109,-0.8427844779553162
82,-1.2973410459663381,0.7348254719618419,0.029903379264184515,1.5221899550525109
83,-0.9702357524833616,-1.2973410459663381,0.7348254719618419,0.029903379264184515
84,-1.0817471544384394,-0.9702357524833616,-1.2973410459663381,0.7348254719618419
85,-1.5928868972262755,-1.0817471544384394,-0.9702357524833616,-1.2973410459663381
86,-0.6923336421407411,-1.5928868972262755,-1.0817471544384394,-0.9702357524833616
87,-1.2563168646846923,-0.6923336421407411,-1.5928868972262755,-1.0817471544384394
88,-3.876313938797993,-1.2563168646846923,-0.6923336421407411,-1.5928868972262755
89,0.07612968398860165,-3.876313938797993,-1.2563168646846923,-0.6923336421407411
90,-2.2066523608134547,0.07612968398860165,-3.876313938797993,-1.2563168646846923
91,2.931493804296381,-2.2066523608134547,0.07612968398860165,-3.876313938797993
92,2.3984129699087475,2.931493804296381,-2.2066523608134547,0.07612968398860165
93,2.815870713232216,2.3984129699087475,2.931493804296381,-2.2066523608134547
94,2.7443723887437432,2.815870713232216,2.3984129699087475,2.931493804296381
95,0.5694090281941344,2.7443723887437432,2.815870713232216,2.3984129699087475
96,0.69596388790234,0.5694090281941344,2.7443723887437432,2.815870713232216
97,1.6615096396735307,0.69596388790234,0.5694090281941344,2.7443723887437432
98,2.3602394311393438,1.6615096396735307,0.69596388790234,0.5694090281941344
99,2.2319227007915554,2.3602394311393438,1.6615096396735307,0.69596388790234
100,3.2315994397199566,2.2319227007915554,2.3602394311393438,1.6615096396735307
101,3.976698269777379,3.2315994397199566,2.2319227007915554,2.3602394311393438
102,2.754368711702848,3.976698269777379,3.2315994397199566,2.2319227007915554
103,2.915524146807469,2.754368711702848,3.976698269777379,3.2315994397199566
104,3.7775395503158116,2.915524146807469,2.754368711702848,3.976698269777379
105,3.6463241521632828,3.7775395503158116,2.915524146807469,2.754368711702848
106,100.0,3.6463241521632828,3.7775395503158116,2.915524146807469
107,0.0,100.0,3.6463241521632828,3.7775395503158116
108,0.0,0.0,100.0,3.6463241521632828
109,0.0,0.0,0.0,100.0
110,-0.7782726298240394,-1.2002375750148508,-1.5147844948607991,100.0
111,-0.7360054383350301,-0.7782726298240394,-1.2002375750148508,-1.5147844948607991
112,1.5899046320450028,-0.7360054383350301,-0.7782726298240394,-1.2002375750148508
113,0.8810120287869427,1.5899046320450028,-0.7360054383350301,-0.7782726298240394
114,1.543770432255731,0.8810120287869427,1.5899046320450028,-0.7360054383350301
115,-2.1442516905149644,1.543770432255731,0.8810120287869427,1.5899046320450028
116,-2.3835433140683038,-2.1442516905149644,1.543770432255731,0.8810120287869427
117,-16.127215770894253,-2.3835433140683038,-2.1442516905149644,1.543770432255731
118,2.3405515359064877,-16.127215770894253,-2.3835433140683038,-2.1442516905149644
119,0.45347076254389496,2.3405515359064877,-16.127215770894253,-2.3835433140683038
120,-0.7018136145546916,0.45347076254389496,2.3405515359064877,-16.127215770894253
121,-1.1616564689190367,-0.7018136145546916,0.45347076254389496,2.3405515359064877
122,-2.9684411224573326,-1.1616564689190367,-0.7018136145546916,0.45347076254389496
123,7.284774360466195,-2.9684411224573326,-1.1616564689190367,-0.7018136145546916
124,-2.649684425996479,7.284774360466195,-2.9684411224573326,-1.1616564689190367
125,0.014712869162747388,-2.649684425996479,7.284774360466195,-2.9684411224573326
126,-3.025681363748267,0.014712869162747388,-2.649684425996479,7.284774360466195
127,2.305603246449195,-3.025681363748267,0.014712869162747388,-2.649684425996479
128,-1.0287467600353817,2.305603246449195,-3.025681363748267,0.014712869162747388
129,2.2386314804984764,-1.0287467600353817,2.305603246449195,-3.025681363748267
130,-3.739027482121071,2.2386314804984764,-1.0287467600353817,2.305603246449195
131,-0.9783725110296682,-3.739027482121071,2.2386314804984764,-1.0287467600353817
132,0.8583165093183576,-0.9783725110296682,-3.739027482121071,2.2386314804984764
133,-1.3763247988547889,0.8583165093183576,-0.9783725110296682,-3.739027482121071
134,-1.2587890036690808,-1.3763247988547889,0.8583165093183576,-0.9783725110296682
135,-0.36054308505002464,-1.2587890036690808,-1.3763247988547889,0.8583165093183576
136,0.23098927659053192,-0.36054308505002464,-1.2587890036690808,-1.3763247988547889
137,-1.6073147256977838,0.23098927659053192,-0.36054308505002464,-1.2587890036690808
138,0.20953456577303964,-1.6073147256977838,0.23098927659053192,-0.36054308505002464
139,-1.4967200804749115,0.20953456577303964,-1.6073147256977838,0.23098927659053192
140,-0.0912473197865471,-1.4967200804749115,0.20953456577303964,-1.6073147256977838
141,-0.6570019293588358,-0.0912473197865471,-1.4967200804749115,0.20953456577303964
142,1.683925560306343,-0.6570019293588358,-0.0912473197865471,-1.4967200804749115
143,4.4020288455668855,1.683925560306343,-0.6570019293588358,-0.0912473197865471
144,-0.7430001564210809,4.4020288455668855,1.683925560306343,-0.6570019293588358
145,0.12041047932400684,-0.7430001564210809,4.4020288455668855,1.683925560306343
146,0.0,0.12041047932400684,-0.7430001564210809,4.4020288455668855
147,0.0,0.0,0.12041047932400684,-0.7430001564210809
148,0.0,0.0,0.0,0.12041047932400684
149,0.6323635935884475,-41.19777038944438,-0.8344623528697359,-1.4665977103964334
150,-0.7920777259011857,0.6323635935884475,-41.19777038944438,-0.8344623528697359
151,1.3006963166980245,-0.7920777259011857,0.6323635935884475,-41.19777038944438
152,1.7146568178398214,1.3006963166980245,-0.7920777259011857,0.6323635935884475
153,-0.1073338963963999,1.7146568178398214,1.3006963166980245,-0.7920777259011857
154,-1.566009863767459,-0.1073338963963999,1.7146568178398214,1.3006963166980245
155,-0.8531993449138464,-1.566009863767459,-0.1073338963963999,1.7146568178398214
156,-1.2236689195523454,-0.8531993449138464,-1.566009863767459,-0.1073338963963999
157,-0.15257123235784542,-1.2236689195523454,-0.8531993449138464,-1.566009863767459
158,-17.449762492347297,-0.15257123235784542,-1.2236689195523454,-0.8531993449138464
159,-0.585364492306184,-17.449762492347297,-0.15257123235784542,-1.2236689195523454
160,-0.2711462943339793,-0.585364492306184,-17.449762492347297,-0.15257123235784542
161,-1.8179784269723887,-0.2711462943339793,-0.585364492306184,-17.449762492347297
162,0.34688205161292895,-1.8179784269723887,-0.2711462943339793,-0.585364492306184
163,0.26598058802353997,0.34688205161292895,-1.8179784269723887,-0.2711462943339793
164,1.0686093820635012,0.26598058802353997,0.34688205161292895,-1.8179784269723887
165,0.02443485543595081,1.0686093820635012,0.26598058802353997,0.34688205161292895
166,1.511057248762171,0.02443485543595081,1.0686093820635012,0.26598058802353997
167,-0.665543703380167,1.511057248762171,0.02443485543595081,1.0686093820635012
168,-2.0300815668593764,-0.665543703380167,1.511057248762171,0.02443485543595081
169,-3.213706457216725,-2.0300815668593764,-0.665543703380167,1.511057248762171
170,-2.176293651531458,-3.213706457216725,-2.0300815668593764,-0.665543703380167
171,-2.2154234887405755,-2.176293651531458,-3.213706457216725,-2.0300815668593764
172,0.6708107598883295,-2.2154234887405755,-2.176293651531458,-3.213706457216725
173,2.1782689096141894,0.6708107598883295,-2.2154234887405755,-2.176293651531458
174,4.003707896507036,2.1782689096141894,0.6708107598883295,-2.2154234887405755
175,2.5850877101876835,4.003707896507036,2.1782689096141894,0.6708107598883295
176,-0.11585071981001782,2.5850877101876835,4.003707896507036,2.1782689096141894
177,-3.5085894869417267,-0.11585071981001782,2.5850877101876835,4.003707896507036
178,1.0853371176452464,-3.5085894869417267,-0.11585071981001782,2.5850877101876835
179,1.1519908102468612,1.0853371176452464,-3.5085894869417267,-0.11585071981001782
180,4.119834393927779,1.1519908102468612,1.0853371176452464,-3.5085894869417267
181,2.5061837119122465,4.119834393927779,1.1519908102468612,1.0853371176452464
182,0.7051858183486637,2.5061837119122465,4.119834393927779,1.1519908102468612
183,0.9944022160475408,0.7051858183486637,2.5061837119122465,4.119834393927779
184,-2.0993772182414827,0.9944022160475408,0.7051858183486637,2.5061837119122465
185,0.7254482919825112,-2.0993772182414827,0.9944022160475408,0.7051858183486637
186,0.9329190768479378,0.7254482919825112,-2.0993772182414827,0.9944022160475408
187,3.463589898845987,0.9329190768479378,0.7254482919825112,-2.0993772182414827
188,2.739380866485508,3.463589898845987,0.9329190768479378,0.7254482919825112
189,6.05136263499253,2.739380866485508,3.463589898845987,0.9329190768479378
190,7.972358150094516,6.05136263499253,2.739380866485508,3.463589898845987
191,0.0,7.972358150094516,6.05136263499253,2.739380866485508
192,0.0,0.0,7.972358150094516,6.05136263499253
193,0.0,0.0,0.0,7.972358150094516
194,-0.5358352579599712,-0.5083004908360556,-1.4017470707040514,-1.2857393563782016
195,-0.6075270668327248,-0.5358352579599712,-0.5083004908360556,-1.4017470707040514
196,-0.6855716835995507,-0.6075270668327248,-0.5358352579599712,-0.5083004908360556
197,-0.4697077980558628,-0.6855716835995507,-0.6075270668327248,-0.5358352579599712
198,-0.25568871354850753,-0.4697077980558628,-0.6855716835995507,-0.6075270668327248
199,-0.7711712080904376,-0.25568871354850753,-0.4697077980558628,-0.6855716835995507
200,-0.41190539463193954,-0.7711712080904376,-0.25568871354850753,-0.4697077980558628
201,-1.346535852046682,-0.41190539463193954,-0.7711712080904376,-0.25568871354850753
202,-1.2713552174703602,-1.346535852046682,-0.41190539463193954,-0.7711712080904376
203,-2.4603304244754542,-1.2713552174703602,-1.346535852046682,-0.41190539463193954
204,-1.3258412810917664,-2.4603304244754542,-1.2713552174703602,-1.346535852046682
205,-1.3955262022237735,-1.3258412810917664,-2.4603304244754542,-1.2713552174703602
206,-1.1989963833854311,-1.3955262022237735,-1.3258412810917664,-2.4603304244754542
207,2.103377748127966,-1.1989963833854311,-1.3955262022237735,-1.3258412810917664
208,1.287127000261501,2.103377748127966,-1.1989963833854311,-1.3955262022237735
209,2.307475168511175,1.287127000261501,2.103377748127966,-1.1989963833854311
210,-0.03692831358025339,2.307475168511175,1.287127000261501,2.103377748127966
211,1.4725201488166029,-0.03692831358025339,2.307475168511175,1.287127000261501
212,-0.5464664449446266,1.4725201488166029,-0.03692831358025339,2.307475168511175
213,-0.6679089912175695,-0.5464664449446266,1.4725201488166029,-0.03692831358025339
214,-2.1180540624660904,-0.6679089912175695,-0.5464664449446266,1.4725201488166029
215,-0.9752096748514183,-2.1180540624660904,-0.6679089912175695,-0.5464664449446266
216,-1.1816804282955062,-0.9752096748514183,-2.1180540624660904,-0.6679089912175695
217,-1.7458775563746531,-1.1816804282955062,-0.9752096748514183,-2.1180540624660904
218,-2.3086828044264207,-1.7458775563746531,-1.1816804282955062,-0.9752096748514183
219,-0.9217527219004595,-2.3086828044264207,-1.7458775563746531,-1.1816804282955062
220,-1.8734607248034107,-0.9217527219004595,-2.3086828044264207,-1.7458775563746531
221,-0.03601903791298211,-1.8734607248034107,-0.9217527219004595,-2.3086828044264207
222,-1.8943771587886737,-0.03601903791298211,-1.8734607248034107,-0.9217527219004595
223,0.802064409578862,-1.8943771587886737,-0.03601903791298211,-1.8734607248034107
224,0.2348713579195083,0.802064409578862,-1.8943771587886737,-0.03601903791298211
225,0.005625546386323066,0.2348713579195083,0.802064409578862,-1.8943771587886737
226,0.14027227324791003,0.005625546386323066,0.2348713579195083,0.802064409578862
227,-0.9156069248256515,0.14027227324791003,0.005625546386323066,0.2348713579195083
228,0.406035985112152,-0.9156069248256515,0.14027227324791003,0.005625546386323066
229,-0.49512121306992674,0.406035985112152,-0.9156069248256515,0.14027227324791003
230,0.62628521982937,-0.49512121306992674,0.406035985112152,-0.9156069248256515
231,0.8586613069005544,0.62628521982937,-0.49512121306992674,0.406035985112152
232,1.82519336150877,0.8586613069005544,0.62628521982937,-0.49512121306992674
233,0.4970819993281639,1.82519336150877,0.8586613069005544,0.62628521982937
234,0.48187523333749205,0.4970819993281639,1.82519336150877,0.8586613069005544
235,0.2665445612997086,0.48187523333749205,0.4970819993281639,1.82519336150877
236,0.8718790082813621,0.2665445612997086,0.48187523333749205,0.4970819993281639
237,-1.9919853849087676,0.8718790082813621,0.2665445612997086,0.48187523333749205
238,0.3160252939877095,-1.9919853849087676,0.8718790082813621,0.2665445612997086
239,1.724231024562961,0.3160252939877095,-1.9919853849087676,0.8718790082813621
240,1.769908643022311,1.724231024562961,0.3160252939877095,-1.9919853849087676
241,3.8135550958774633,1.769908643022311,1.724231024562961,0.3160252939877095
242,4.450723346016838,3.8135550958774633,1.769908643022311,1.724231024562961
243,38.310667910227195,4.450723346016838,3.8135550958774633,1.769908643022311
244,8.239969135802472,38.310667910227195,4.450723346016838,3.8135550958774633
245,-2.567855510445516,8.239969135802472,38.310667910227195,4.450723346016838
246,-0.6782080440999705,-2.567855510445516,8.239969135802472,38.310667910227195
247,22.289909918225348,-0.6782080440999705,-2.567855510445516,8.239969135802472
248,21.980107029433093,22.289909918225348,-0.6782080440999705,-2.567855510445516
249,0.0,21.980107029433093,22.289909918225348,-0.6782080440999705
250,-22.34581577612358,18.95687275978468,-1.40978484975548,0.3741428220420451
251,28.461930037595383,-22.34581577612358,18.95687275978468,-1.40978484975548
252,-0.5577412394133674,28.461930037595383,-22.34581577612358,18.95687275978468
253,-25.201421847536732,-0.5577412394133674,28.461930037595383,-22.34581577612358
254,1.3213653934351033,-25.201421847536732,-0.5577412394133674,28.461930037595383
255,0.1091653882127952,1.3213653934351033,-25.201421847536732,-0.5577412394133674
256,0.9850617895018621,0.1091653882127952,1.3213653934351033,-25.201421847536732
257,-0.764667035631883,0.9850617895018621,0.1091653882127952,1.3213653934351033
258,-1.1508778264205488,-0.764667035631883,0.9850617895018621,0.1091653882127952
259,-30.27406429540933,-1.1508778264205488,-0.764667035631883,0.9850617895018621
260,3.174072156251273,-30.27406429540933,-1.1508778264205488,-0.764667035631883
261,-4.890501064592989,3.174072156251273,-30.27406429540933,-1.1508778264205488
262,0.0,-4.890501064592989,3.174072156251273,-30.27406429540933
263,0.0,0.0,-4.890501064592989,3.174072156251273
264,0.0,0.0,0.0,-4.890501064592989
265,0.13282642646432752,0.7273658612633183,-0.6188332175202427,-0.9450135808082294
266,0.040930118432935814,0.13282642646432752,0.7273658612633183,-0.6188332175202427
267,-0.4188483326483028,0.040930118432935814,0.13282642646432752,0.7273658612633183
268,-1.138880019642441,-0.4188483326483028,0.040930118432935814,0.13282642646432752
269,-1.7383330712470668,-1.138880019642441,-0.4188483326483028,0.040930118432935814
270,-1.6671672007316563,-1.7383330712470668,-1.138880019642441,-0.4188483326483028
271,-1.1387451653026348,-1.6671672007316563,-1.7383330712470668,-1.138880019642441
272,-2.3834596063200264,-1.1387451653026348,-1.6671672007316563,-1.7383330712470668
273,0.7249321203300907,-2.3834596063200264,-1.1387451653026348,-1.6671672007316563
274,-0.1413007661547505,0.7249321203300907,-2.3834596063200264,-1.1387451653026348
275,-1.6130172844462831,-0.1413007661547505,0.7249321203300907,-2.3834596063200264
276,-1.277973544063371,-1.6130172844462831,-0.1413007661547505,0.7249321203300907
277,-2.7659166861789264,-1.277973544063371,-1.6130172844462831,-0.1413007661547505
278,-2.4245973096794438,-2.7659166861789264,-1.277973544063371,-1.6130172844462831
279,-1.9244699348854422,-2.4245973096794438,-2.7659166861789264,-1.277973544063371
280,-3.2197702449331844,-1.9244699348854422,-2.4245973096794438,-2.7659166861789264
281,-4.45386286840349,-3.2197702449331844,-1.9244699348854422,-2.4245973096794438
282,-0.9230537673561412,-4.45386286840349,-3.2197702449331844,-1.9244699348854422
283,-0.10259517396172813,-0.9230537673561412,-4.45386286840349,-3.2197702449331844
284,0.14329561811636804,-0.10259517396172813,-0.9230537673561412,-4.45386286840349
285,-0.7674563023721048,0.14329561811636804,-0.10259517396172813,-0.9230537673561412
286,0.03638804414742847,-0.7674563023721048,0.14329561811636804,-0.10259517396172813
287,-0.4583571160138855,0.03638804414742847,-0.7674563023721048,0.14329561811636804
288,-0.9173822470748383,-0.4583571160138855,0.03638804414742847,-0.7674563023721048
289,-0.9326294108536581,-0.9173822470748383,-0.4583571160138855,0.03638804414742847
290,-0.09725539991151111,-0.9326294108536581,-0.9173822470748383,-0.4583571160138855
291,-0.43732696458027576,-0.09725539991151111,-0.9326294108536581,-0.9173822470748383
292,-0.007976529138264965,-0.43732696458027576,-0.09725539991151111,-0.9326294108536581
293,-1.2705152842509504,-0.007976529138264965,-0.43732696458027576,-0.09725539991151111
294,-0.010597625953678858,-1.2705152842509504,-0.007976529138264965,-0.43732696458027576
295,0.15264962902383772,-0.010597625953678858,-1.2705152842509504,-0.007976529138264965
296,-0.47820176929385116,0.15264962902383772,-0.010597625953678858,-1.2705152842509504
297,-0.47598827393694476,-0.47820176929385116,0.15264962902383772,-0.010597625953678858
298,-1.4667067376180953,-0.47598827393694476,-0.47820176929385116,0.15264962902383772
299,-0.41058349808333894,-1.4667067376180953,-0.47598827393694476,-0.47820176929385116
300,-1.0916656197903718,-0.41058349808333894,-1.4667067376180953,-0.47598827393694476
301,-0.01645920911100829,-1.0916656197903718,-0.41058349808333894,-1.4667067376180953
302,-0.30974100108845937,-0.01645920911100829,-1.0916656197903718,-0.41058349808333894
303,0.39145518776091404,-0.30974100108845937,-0.01645920911100829,-1.0916656197903718
304,0.2131655739400662,0.39145518776091404,-0.30974100108845937,-0.01645920911100829
305,0.09103339050646753,0.2131655739400662,0.39145518776091404,-0.30974100108845937
306,-0.07153745316814675,0.09103339050646753,0.2131655739400662,0.39145518776091404
307,0.10366972753546033,-0.07153745316814675,0.09103339050646753,0.2131655739400662
308,-0.6529819753312571,0.10366972753546033,-0.07153745316814675,0.09103339050646753
309,-0.24591225857051313,-0.6529819753312571,0.10366972753546033,-0.07153745316814675
310,-0.23932519931050278,-0.24591225857051313,-0.6529819753312571,0.10366972753546033
311,-1.009574996600604,-0.23932519931050278,-0.24591225857051313,-0.6529819753312571
312,-0.5761276578853392,-1.009574996600604,-0.23932519931050278,-0.24591225857051313
313,-0.5168466025038287,-0.5761276578853392,-1.009574996600604,-0.23932519931050278
314,-0.2160323230017025,-0.5168466025038287,-0.5761276578853392,-1.009574996600604
315,0.5677261395817812,-0.2160323230017025,-0.5168466025038287,-0.5761276578853392
316,0.9920332646815577,0.5677261395817812,-0.2160323230017025,-0.5168466025038287
317,0.887798543817242,0.9920332646815577,0.5677261395817812,-0.2160323230017025
318,0.8188063985454352,0.887798543817242,0.9920332646815577,0.5677261395817812
319,0.8180913241501164,0.8188063985454352,0.887798543817242,0.9920332646815577
320,0.0,0.8180913241501164,0.8188063985454352,0.887798543817242
321,-19.52338643613928,-2.951608833427821,1.5620161159032753,-22.218599562589723
322,-37.079797864553356,-19.52338643613928,-2.951608833427821,1.5620161159032753
323,31.71259806570095,-37.079797864553356,-19.52338643613928,-2.951608833427821
324,-25.893097339264337,31.71259806570095,-37.079797864553356,-19.52338643613928
325,14.546762939839585,-25.893097339264337,31.71259806570095,-37.079797864553356
326,-29.589578369425972,14.546762939839585,-25.893097339264337,31.71259806570095
327,21.27090301003345,-29.589578369425972,14.546762939839585,-25.893097339264337
328,-12.096362981320985,21.27090301003345,-29.589578369425972,14.546762939839585
329,-4.690171766765161,-12.096362981320985,21.27090301003345,-29.589578369425972
330,-14.473810236889207,-4.690171766765161,-12.096362981320985,21.27090301003345
331,-5.992667148761011,-14.473810236889207,-4.690171766765161,-12.096362981320985
332,-0.2662077094253035,-5.992667148761011,-14.473810236889207,-4.690171766765161
333,44.22669724828372,-0.2662077094253035,-5.992667148761011,-14.473810236889207
334,0.8238410491620884,44.22669724828372,-0.2662077094253035,-5.992667148761011
335,-25.72895491284615,0.8238410491620884,44.22669724828372,-0.2662077094253035
336,-10.759908326450985,-25.72895491284615,0.8238410491620884,44.22669724828372
337,-16.535153648937996,-10.759908326450985,-25.72895491284615,0.8238410491620884
338,2.384884940381893,-16.535153648937996,-10.759908326450985,-25.72895491284615
339,2.9190691842303274,2.384884940381893,-16.535153648937996,-10.759908326450985
340,1.8073908501380798,2.9190691842303274,2.384884940381893,-16.535153648937996
341,-3.3644914849409124,1.8073908501380798,2.9190691842303274,2.384884940381893
342,20.023146500550904,-3.3644914849409124,1.8073908501380798,2.9190691842303274
343,-4.211576519193805,20.023146500550904,-3.3644914849409124,1.8073908501380798
344,-4.372944197774531,-4.211576519193805,20.023146500550904,-3.3644914849409124
345,-17.62985960778003,-4.372944197774531,-4.211576519193805,20.023146500550904
346,20.166373940497184,-17.62985960778003,-4.372944197774531,-4.211576519193805
347,-14.363628399787377,20.166373940497184,-17.62985960778003,-4.372944197774531
348,-1.9682355312974575,-14.363628399787377,20.166373940497184,-17.62985960778003
349,6.286917582883866,-1.9682355312974575,-14.363628399787377,20.166373940497184
350,15.159760451010772,6.286917582883866,-1.9682355312974575,-14.363628399787377
351,2.370506497244329,15.159760451010772,6.286917582883866,-1.9682355312974575
352,0.19256679733605786,2.370506497244329,15.159760451010772,6.286917582883866
353,8.92402573454083,0.19256679733605786,2.370506497244329,15.159760451010772
354,-1.5137704525725937,8.92402573454083,0.19256679733605786,2.370506497244329
355,1.6636893383474183,-1.5137704525725937,8.92402573454083,0.19256679733605786
356,12.084682971872418,1.6636893383474183,-1.5137704525725937,8.92402573454083
357,-1.8687480371919696,12.084682971872418,1.6636893383474183,-1.5137704525725937
358,-14.008166156208857,-1.8687480371919696,12.084682971872418,1.6636893383474183
359,-10.456407839949833,-14.008166156208857,-1.8687480371919696,12.084682971872418
360,4.6857582484589155,-10.456407839949833,-14.008166156208857,-1.8687480371919696
361,10.898112042730368,4.6857582484589155,-10.456407839949833,-14.008166156208857
362,5.080109065137228,10.898112042730368,4.6857582484589155,-10.456407839949833
363,-1.4761668924917037,5.080109065137228,10.898112042730368,4.6857582484589155
364,5.588466822699134,-1.4761668924917037,5.080109065137228,10.898112042730368
365,-17.33339438723821,5.588466822699134,-1.4761668924917037,5.080109065137228
366,0.9707027352086728,-17.33339438723821,5.588466822699134,-1.4761668924917037
367,12.797168901508439,0.9707027352086728,-17.33339438723821,5.588466822699134
368,-13.393309206542181,12.797168901508439,0.9707027352086728,-17.33339438723821
369,22.428330275229346,-13.393309206542181,12.797168901508439,0.9707027352086728
370,74.09742027138736,22.428330275229346,-13.393309206542181,12.797168901508439
371,-0.832436046036944,74.09742027138736,22.428330275229346,-13.393309206542181
372,-1.0800577188052607,-0.832436046036944,74.09742027138736,22.428330275229346
373,-0.5642755693574975,-1.0800577188052607,-0.832436046036944,74.09742027138736
374,0.20268495492188343,-0.5642755693574975,-1.0800577188052607,-0.832436046036944
375,0.04631254851061861,0.20268495492188343,-0.5642755693574975,-1.0800577188052607
376,0.0,0.04631254851061861,0.20268495492188343,-0.5642755693574975
377,-2.914196180986095,-1.4557262999780773,-0.29663388209991703,-0.9273282229315671
378,-4.416846486214975,-2.914196180986095,-1.4557262999780773,-0.29663388209991703
379,0.852916240842494,-4.416846486214975,-2.914196180986095,-1.4557262999780773
380,2.8086511675876835,0.852916240842494,-4.416846486214975,-2.914196180986095
381,5.411909783897917,2.8086511675876835,0.852916240842494,-4.416846486214975
382,5.116378400714727,5.411909783897917,2.8086511675876835,0.852916240842494
383,3.653757211362918,5.116378400714727,5.411909783897917,2.8086511675876835
384,4.787595732640915,3.653757211362918,5.116378400714727,5.411909783897917
385,6.091646168630893,4.787595732640915,3.653757211362918,5.116378400714727
386,-21.1597376098408,6.091646168630893,4.787595732640915,3.653757211362918
387,32.65555646325191,-21.1597376098408,6.091646168630893,4.787595732640915
388,100.0,32.65555646325191,-21.1597376098408,6.091646168630893
389,0.0,100.0,32.65555646325191,-21.1597376098408
390,0.0,0.0,100.0,32.65555646325191
391,0.0,0.0,0.0,100.0
392,0.12998909356127797,0.22369777019450865,-1.2172997015274745,-0.8176356889603165
393,-0.43276913227285885,0.12998909356127797,0.22369777019450865,-1.2172997015274745
394,-0.32815961897063595,-0.43276913227285885,0.12998909356127797,0.22369777019450865
395,-0.5342535184704955,-0.32815961897063595,-0.43276913227285885,0.12998909356127797
396,-0.6057738570242832,-0.5342535184704955,-0.32815961897063595,-0.43276913227285885
397,-0.8025500438217148,-0.6057738570242832,-0.5342535184704955,-0.32815961897063595
398,-0.4311557511173958,-0.8025500438217148,-0.6057738570242832,-0.5342535184704955
399,-1.261523397101294,-0.4311557511173958,-0.8025500438217148,-0.6057738570242832
400,-0.5220861806347399,-1.261523397101294,-0.4311557511173958,-0.8025500438217148
401,-1.5796633006673888,-0.5220861806347399,-1.261523397101294,-0.4311557511173958
402,-1.1283189381531833,-1.5796633006673888,-0.5220861806347399,-1.261523397101294
403,-0.8678520840673332,-1.1283189381531833,-1.5796633006673888,-0.5220861806347399
404,-1.1832274138149357,-0.8678520840673332,-1.1283189381531833,-1.5796633006673888
405,0.9080337432986418,-1.1832274138149357,-0.8678520840673332,-1.1283189381531833
406,0.08336074888359857,0.9080337432986418,-1.1832274138149357,-0.8678520840673332
407,-0.1335247535855455,0.08336074888359857,0.9080337432986418,-1.1832274138149357
408,-1.7447934202299065,-0.1335247535855455,0.08336074888359857,0.9080337432986418
409,-0.1780612218820421,-1.7447934202299065,-0.1335247535855455,0.08336074888359857
410,-1.4139609069164782,-0.1780612218820421,-1.7447934202299065,-0.1335247535855455
411,-1.4610577307028971,-1.4139609069164782,-0.1780612218820421,-1.7447934202299065
412,-2.662777225329116,-1.4610577307028971,-1.4139609069164782,-0.1780612218820421
413,-1.0214683851774264,-2.662777225329116,-1.4610577307028971,-1.4139609069164782
414,-1.0393436475158446,-1.0214683851774264,-2.662777225329116,-1.4610577307028971
415,-1.5512367453768272,-1.0393436475158446,-1.0214683851774264,-2.662777225329116
416,-1.2655859024077398,-1.5512367453768272,-1.0393436475158446,-1.0214683851774264
417,0.7049047142784204,-1.2655859024077398,-1.5512367453768272,-1.0393436475158446
418,-0.00473828770778395,0.7049047142784204,-1.2655859024077398,-1.5512367453768272
419,-0.05489049686646652,-0.00473828770778395,0.7049047142784204,-1.2655859024077398
420,-0.9158761026765272,-0.05489049686646652,-0.00473828770778395,0.7049047142784204
421,-2.1607016758016906,-0.9158761026765272,-0.05489049686646652,-0.00473828770778395
422,-1.482072068279905,-2.1607016758016906,-0.9158761026765272,-0.05489049686646652
423,-1.7857287531876986,-1.482072068279905,-2.1607016758016906,-0.9158761026765272
424,-1.2189274706905118,-1.7857287531876986,-1.482072068279905,-2.1607016758016906
425,-2.2159842997284795,-1.2189274706905118,-1.7857287531876986,-1.482072068279905
426,0.07102544276198497,-2.2159842997284795,-1.2189274706905118,-1.7857287531876986
427,-0.9212563853929989,0.07102544276198497,-2.2159842997284795,-1.2189274706905118
428,0.2658489369408823,-0.9212563853929989,0.07102544276198497,-2.2159842997284795
429,-0.3832237738509492,0.2658489369408823,-0.9212563853929989,0.07102544276198497
430,1.6284773941507513,-0.3832237738509492,0.2658489369408823,-0.9212563853929989
431,0.967460253870045,1.6284773941507513,-0.3832237738509492,0.2658489369408823
432,0.6819658925514727,0.967460253870045,1.6284773941507513,-0.3832237738509492
433,1.2537686303926376,0.6819658925514727,0.967460253870045,1.6284773941507513
434,1.1054366614477784,1.2537686303926376,0.6819658925514727,0.967460253870045
435,0.4868729846787989,1.1054366614477784,1.2537686303926376,0.6819658925514727
436,1.6991945446653611,0.4868729846787989,1.1054366614477784,1.2537686303926376
437,0.4128122684909252,1.6991945446653611,0.4868729846787989,1.1054366614477784
438,-0.35216105071301795,0.4128122684909252,1.6991945446653611,0.4868729846787989
439,-0.574084746136716,-0.35216105071301795,0.4128122684909252,1.6991945446653611
440,-3.942703937242442,-0.574084746136716,-0.35216105071301795,0.4128122684909252
441,50.85261983602785,-3.942703937242442,-0.574084746136716,-0.35216105071301795
442,2.6859490521665252,50.85261983602785,-3.942703937242442,-0.574084746136716
443,-6.083312533468033,2.6859490521665252,50.85261983602785,-3.942703937242442
444,4.853559102899618,-6.083312533468033,2.6859490521665252,50.85261983602785
445,8.883567012104843,4.853559102899618,-6.083312533468033,2.6859490521665252
446,7.49671138295529,8.883567012104843,4.853559102899618,-6.083312533468033
447,0.0,7.49671138295529,8.883567012104843,4.853559102899618
448,-29.37399217322445,17.295814424766355,-0.8216391926384681,1.0386748936131118
449,-0.9387995603449273,-29.37399217322445,17.295814424766355,-0.8216391926384681
450,0.5588600314808012,-0.9387995603449273,-29.37399217322445,17.295814424766355
451,-1.325580919081848,0.5588600314808012,-0.9387995603449273,-29.37399217322445
452,1.2193900824423398,-1.325580919081848,0.5588600314808012,-0.9387995603449273
453,-0.7764945935318068,1.2193900824423398,-1.325580919081848,0.5588600314808012
454,-0.3523886219551131,-0.7764945935318068,1.2193900824423398,-1.325580919081848
455,-1.186578716013964,-0.3523886219551131,-0.7764945935318068,1.2193900824423398
456,13.257792444418204,-1.186578716013964,-0.3523886219551131,-0.7764945935318068
457,-13.965886135714367,13.257792444418204,-1.186578716013964,-0.3523886219551131
458,8.610759486400731,-13.965886135714367,13.257792444418204,-1.186578716013964
459,10.112475887573623,8.610759486400731,-13.965886135714367,13.257792444418204
460,-8.765912874781701,10.112475887573623,8.610759486400731,-13.965886135714367
461,-6.084759905356652,-8.765912874781701,10.112475887573623,8.610759486400731
462,-5.525235487278623,-6.084759905356652,-8.765912874781701,10.112475887573623
463,-10.156716309269044,-5.525235487278623,-6.084759905356652,-8.765912874781701
464,-1.3684906569790822,-10.156716309269044,-5.525235487278623,-6.084759905356652
465,0.18008240857239066,-1.3684906569790822,-10.156716309269044,-5.525235487278623
466,3.447323025180893,0.18008240857239066,-1.3684906569790822,-10.156716309269044
467,-2.9755332018691627,3.447323025180893,0.18008240857239066,-1.3684906569790822
468,1.7609768900519684,-2.9755332018691627,3.447323025180893,0.18008240857239066
469,-1.9658094990716468,1.7609768900519684,-2.9755332018691627,3.447323025180893
470,-1.4437483485160496,-1.9658094990716468,1.7609768900519684,-2.9755332018691627
471,-4.806924555148651,-1.4437483485160496,-1.9658094990716468,1.7609768900519684
472,-6.995521897747114,-4.806924555148651,-1.4437483485160496,-1.9658094990716468
473,-0.9119893872560514,-6.995521897747114,-4.806924555148651,-1.4437483485160496
474,1.4197538374896457,-0.9119893872560514,-6.995521897747114,-4.806924555148651
475,0.04860048874724132,1.4197538374896457,-0.9119893872560514,-6.995521897747114
476,-4.784071124068001,0.04860048874724132,1.4197538374896457,-0.9119893872560514
477,1.062611764567012,-4.784071124068001,0.04860048874724132,1.4197538374896457
478,0.794917478175261,1.062611764567012,-4.784071124068001,0.04860048874724132
479,0.6840739100031801,0.794917478175261,1.062611764567012,-4.784071124068001
480,-3.8535223115074624,0.6840739100031801,0.794917478175261,1.062611764567012
481,0.5574257067361588,-3.8535223115074624,0.6840739100031801,0.794917478175261
482,0.9300367916499797,0.5574257067361588,-3.8535223115074624,0.6840739100031801
483,1.0454986959946844,0.9300367916499797,0.5574257067361588,-3.8535223115074624
484,-0.03592302763160138,1.0454986959946844,0.9300367916499797,0.5574257067361588
485,1.4324972567755223,-0.03592302763160138,1.0454986959946844,0.9300367916499797
486,0.4709491018659806,1.4324972567755223,-0.03592302763160138,1.0454986959946844
487,-5.090903430064775,0.4709491018659806,1.4324972567755223,-0.03592302763160138
488,-2.2304222880159985,-5.090903430064775,0.4709491018659806,1.4324972567755223
489,0.8607804784739326,-2.2304222880159985,-5.090903430064775,0.4709491018659806
490,-0.6621969140337969,0.8607804784739326,-2.2304222880159985,-5.090903430064775
491,-6.202523975564478,-0.6621969140337969,0.8607804784739326,-2.2304222880159985
492,-2.9180727928211248,-6.202523975564478,-0.6621969140337969,0.8607804784739326
493,-5.066886376593938,-2.9180727928211248,-6.202523975564478,-0.6621969140337969
494,-2.4409354778001324,-5.066886376593938,-2.9180727928211248,-6.202523975564478
495,-3.7157702468978426,-2.4409354778001324,-5.066886376593938,-2.9180727928211248
496,0.9409952680784706,-3.7157702468978426,-2.4409354778001324,-5.066886376593938
497,3.0744237591842305,0.9409952680784706,-3.7157702468978426,-2.4409354778001324
498,-1.5170559074248358,3.0744237591842305,0.9409952680784706,-3.7157702468978426
499,-1.6992258433537577,-1.5170559074248358,3.0744237591842305,0.9409952680784706
500,-2.056983807004076,-1.6992258433537577,-1.5170559074248358,3.0744237591842305
501,-0.7163883771040935,-2.056983807004076,-1.6992258433537577,-1.5170559074248358
502,-0.9940730705365386,-0.7163883771040935,-2.056983807004076,-1.6992258433537577
503,0.0,-0.9940730705365386,-0.7163883771040935,-2.056983807004076
504,1.3535050726799058,-41.68650796089677,8.5930591204193,-4.372895983045877
505,0.3594122671614297,1.3535050726799058,-41.68650796089677,8.5930591204193
506,1.3987009842950426,0.3594122671614297,1.3535050726799058,-41.68650796089677
507,0.7883112110966373,1.3987009842950426,0.3594122671614297,1.3535050726799058
508,-0.10960298120108458,0.7883112110966373,1.3987009842950426,0.3594122671614297
509,-1.5823586241827892,-0.10960298120108458,0.7883112110966373,1.3987009842950426
510,-0.9106122050129506,-1.5823586241827892,-0.10960298120108458,0.7883112110966373
511,-1.119004635623011,-0.9106122050129506,-1.5823586241827892,-0.10960298120108458
512,6.6541294050758815,-1.119004635623011,-0.9106122050129506,-1.5823586241827892
513,-22.828898405824017,6.6541294050758815,-1.119004635623011,-0.9106122050129506
514,8.413105089114703,-22.828898405824017,6.6541294050758815,-1.119004635623011
515,7.141315289476102,8.413105089114703,-22.828898405824017,6.6541294050758815
516,-5.1377149776058895,7.141315289476102,8.413105089114703,-22.828898405824017
517,-6.801041504828476,-5.1377149776058895,7.141315289476102,8.413105089114703
518,-5.08629237244288,-6.801041504828476,-5.1377149776058895,7.141315289476102
519,-4.873529256965103,-5.08629237244288,-6.801041504828476,-5.1377149776058895
520,-2.238315437669236,-4.873529256965103,-5.08629237244288,-6.801041504828476
521,1.4087727320693633,-2.238315437669236,-4.873529256965103,-5.08629237244288
522,4.163716718171617,1.4087727320693633,-2.238315437669236,-4.873529256965103
523,-2.551430241547714,4.163716718171617,1.4087727320693633,-2.238315437669236
524,0.0283939132416533,-2.551430241547714,4.163716718171617,1.4087727320693633
525,-2.4395777302083865,0.0283939132416533,-2.551430241547714,4.163716718171617
526,-2.1628198944822263,-2.4395777302083865,0.0283939132416533,-2.551430241547714
527,-2.7463886146902983,-2.1628198944822263,-2.4395777302083865,0.0283939132416533
528,-0.7841639450740012,-2.7463886146902983,-2.1628198944822263,-2.4395777302083865
529,0.4784419067374701,-0.7841639450740012,-2.7463886146902983,-2.1628198944822263
530,-1.364701493657261,0.4784419067374701,-0.7841639450740012,-2.7463886146902983
531,-0.0435746215393884,-1.364701493657261,0.4784419067374701,-0.7841639450740012
532,-1.061084968386794,-0.0435746215393884,-1.364701493657261,0.4784419067374701
533,0.4017224966746946,-1.061084968386794,-0.0435746215393884,-1.364701493657261
534,0.22426755570941204,0.4017224966746946,-1.061084968386794,-0.0435746215393884
535,-0.15170445348841044,0.22426755570941204,0.4017224966746946,-1.061084968386794
536,0.169098992527128,-0.15170445348841044,0.22426755570941204,0.4017224966746946
537,-1.1631511830199948,0.169098992527128,-0.15170445348841044,0.22426755570941204
538,0.23806912735313546,-1.1631511830199948,0.169098992527128,-0.15170445348841044
539,-0.7637927572833991,0.23806912735313546,-1.1631511830199948,0.169098992527128
540,-0.15911739537063374,-0.7637927572833991,0.23806912735313546,-1.1631511830199948
541,-0.09748175566084427,-0.15911739537063374,-0.7637927572833991,0.23806912735313546
542,0.7466151993150483,-0.09748175566084427,-0.15911739537063374,-0.7637927572833991
543,-0.010411877374882916,0.7466151993150483,-0.09748175566084427,-0.15911739537063374
544,0.01810582235926006,-0.010411877374882916,0.7466151993150483,-0.09748175566084427
545,0.35501563735163,0.01810582235926006,-0.010411877374882916,0.7466151993150483
546,0.33036781358151135,0.35501563735163,0.01810582235926006,-0.010411877374882916
547,-0.6149537629504875,0.33036781358151135,0.35501563735163,0.01810582235926006
548,-0.7037339011785937,-0.6149537629504875,0.33036781358151135,0.35501563735163
549,-0.6518384504868857,-0.7037339011785937,-0.6149537629504875,0.33036781358151135
550,-1.6799289242248272,-0.6518384504868857,-0.7037339011785937,-0.6149537629504875
551,-0.7481534793241207,-1.6799289242248272,-0.6518384504868857,-0.7037339011785937
552,-0.6996769181020324,-0.7481534793241207,-1.6799289242248272,-0.6518384504868857
553,-0.5724570466554835,-0.6996769181020324,-0.7481534793241207,-1.6799289242248272
554,-0.42992269513928427,-0.5724570466554835,-0.6996769181020324,-0.7481534793241207
555,0.19755715146578812,-0.42992269513928427,-0.5724570466554835,-0.6996769181020324
556,-0.40609371251406623,0.19755715146578812,-0.42992269513928427,-0.5724570466554835
557,-0.9002210123443488,-0.40609371251406623,0.19755715146578812,-0.42992269513928427
558,-0.7159251852065451,-0.9002210123443488,-0.40609371251406623,0.19755715146578812
559,0.0,-0.7159251852065451,-0.9002210123443488,-0.40609371251406623
560,-2.3310322226734237,-27.26220793549444,-0.7611865734114653,-0.7200704647727596
561,-3.7193183697209475,-2.3310322226734237,-27.26220793549444,-0.7611865734114653
562,4.34388440314859,-3.7193183697209475,-2.3310322226734237,-27.26220793549444
563,-3.1570667355337645,4.34388440314859,-3.7193183697209475,-2.3310322226734237
564,-0.4444028406242251,-3.1570667355337645,4.34388440314859,-3.7193183697209475
565,-1.2009611400085385,-0.4444028406242251,-3.1570667355337645,4.34388440314859
566,-0.646605585739235,-1.2009611400085385,-0.4444028406242251,-3.1570667355337645
567,-1.1332541882590252,-0.646605585739235,-1.2009611400085385,-0.4444028406242251
568,-0.34571963329875777,-1.1332541882590252,-0.646605585739235,-1.2009611400085385
569,-1.8573648936853981,-0.34571963329875777,-1.1332541882590252,-0.646605585739235
570,-0.40641316784472137,-1.8573648936853981,-0.34571963329875777,-1.1332541882590252
571,-0.14979133115140542,-0.40641316784472137,-1.8573648936853981,-0.34571963329875777
572,-0.6681524058649413,-0.14979133115140542,-0.40641316784472137,-1.8573648936853981
573,1.228838371920249,-0.6681524058649413,-0.14979133115140542,-0.40641316784472137
574,1.132017496561688,1.228838371920249,-0.6681524058649413,-0.14979133115140542
575,0.2121318140148709,1.132017496561688,1.228838371920249,-0.6681524058649413
576,-1.014792764851813,0.2121318140148709,1.132017496561688,1.228838371920249
577,0.2271746691438592,-1.014792764851813,0.2121318140148709,1.132017496561688
578,-1.347428959493313,0.2271746691438592,-1.014792764851813,0.2121318140148709
579,-0.8924107484802657,-1.347428959493313,0.2271746691438592,-1.014792764851813
580,-1.7631876065267615,-0.8924107484802657,-1.347428959493313,0.2271746691438592
581,-0.25459620234067337,-1.7631876065267615,-0.8924107484802657,-1.347428959493313
582,-0.9284945633157515,-0.25459620234067337,-1.7631876065267615,-0.8924107484802657
583,-0.541210009752835,-0.9284945633157515,-0.25459620234067337,-1.7631876065267615
584,-0.9457269542611835,-0.541210009752835,-0.9284945633157515,-0.25459620234067337
585,0.3855268323284422,-0.9457269542611835,-0.541210009752835,-0.9284945633157515
586,-0.395021764517145,0.3855268323284422,-0.9457269542611835,-0.541210009752835
587,0.0063867114692195415,-0.395021764517145,0.3855268323284422,-0.9457269542611835
588,-1.132922372554257,0.0063867114692195415,-0.395021764517145,0.3855268323284422
589,0.45666793735712474,-1.132922372554257,0.0063867114692195415,-0.395021764517145
590,-0.05669117675609625,0.45666793735712474,-1.132922372554257,0.0063867114692195415
591,-0.2709210160051212,-0.05669117675609625,0.45666793735712474,-1.132922372554257
592,-0.17692806555217322,-0.2709210160051212,-0.05669117675609625,0.45666793735712474
593,-1.4616310628330798,-0.17692806555217322,-0.2709210160051212,-0.05669117675609625
594,0.0007622735571199968,-1.4616310628330798,-0.17692806555217322,-0.2709210160051212
595,-0.7791214629412568,0.0007622735571199968,-1.4616310628330798,-0.17692806555217322
596,-0.27708240804296125,-0.7791214629412568,0.0007622735571199968,-1.4616310628330798
597,-0.3591455802801846,-0.27708240804296125,-0.7791214629412568,0.0007622735571199968
598,0.8153896546269968,-0.3591455802801846,-0.27708240804296125,-0.7791214629412568
599,0.15798454380413496,0.8153896546269968,-0.3591455802801846,-0.27708240804296125
600,-0.8708818244576366,0.15798454380413496,0.8153896546269968,-0.3591455802801846
601,-0.7680399164237794,-0.8708818244576366,0.15798454380413496,0.8153896546269968
602,-0.6723968711893624,-0.7680399164237794,-0.8708818244576366,0.15798454380413496
603,-1.2630975759987062,-0.6723968711893624,-0.7680399164237794,-0.8708818244576366
604,-0.5430213931109207,-1.2630975759987062,-0.6723968711893624,-0.7680399164237794
605,0.644783595960452,-0.5430213931109207,-1.2630975759987062,-0.6723968711893624
606,0.08366428382313718,0.644783595960452,-0.5430213931109207,-1.2630975759987062
607,0.3577372138429791,0.08366428382313718,0.644783595960452,-0.5430213931109207
608,-1.1235098394968945,0.3577372138429791,0.08366428382313718,0.644783595960452
609,-1.2977682992573625,-1.1235098394968945,0.3577372138429791,0.08366428382313718
610,-1.1534973785729763,-1.2977682992573625,-1.1235098394968945,0.3577372138429791
611,-1.3421833536541583,-1.1534973785729763,-1.2977682992573625,-1.1235098394968945
612,-1.1770684109522422,-1.3421833536541583,-1.1534973785729763,-1.2977682992573625
613,-0.33297838175887495,-1.1770684109522422,-1.3421833536541583,-1.1534973785729763
614,-0.6293152421466552,-0.33297838175887495,-1.1770684109522422,-1.3421833536541583
615,0.0,-0.6293152421466552,-0.33297838175887495,-1.1770684109522422
616,-0.27746582031249467,-35.85692673172902,10.898735272106407,-2.213696148596067
617,-2.587955099954209,-0.27746582031249467,-35.85692673172902,10.898735272106407
618,1.682539886690293,-2.587955099954209,-0.27746582031249467,-35.85692673172902
619,2.48540692921968,1.682539886690293,-2.587955099954209,-0.27746582031249467
620,-0.1368657581676258,2.48540692921968,1.682539886690293,-2.587955099954209
621,-1.3898961164942603,-0.1368657581676258,2.48540692921968,1.682539886690293
622,-0.7932399512789234,-1.3898961164942603,-0.1368657581676258,2.48540692921968
623,-2.1931914577228984,-0.7932399512789234,-1.3898961164942603,-0.1368657581676258
624,-0.6597427038566361,-2.1931914577228984,-0.7932399512789234,-1.3898961164942603
625,-19.890269051283283,-0.6597427038566361,-2.1931914577228984,-0.7932399512789234
626,-1.4474419876835731,-19.890269051283283,-0.6597427038566361,-2.1931914577228984
627,1.37966255362858,-1.4474419876835731,-19.890269051283283,-0.6597427038566361
628,-4.405827248235861,1.37966255362858,-1.4474419876835731,-19.890269051283283
629,-2.343136446278915,-4.405827248235861,1.37966255362858,-1.4474419876835731
630,-1.9356796223546024,-2.343136446278915,-4.405827248235861,1.37966255362858
631,-0.7955153776519452,-1.9356796223546024,-2.343136446278915,-4.405827248235861
632,-0.46534547018348693,-0.7955153776519452,-1.9356796223546024,-2.343136446278915
633,1.6673421370660968,-0.46534547018348693,-0.7955153776519452,-1.9356796223546024
634,0.35649390610263954,1.6673421370660968,-0.46534547018348693,-0.7955153776519452
635,0.3688363795183891,0.35649390610263954,1.6673421370660968,-0.46534547018348693
636,-1.5370877550242579,0.3688363795183891,0.35649390610263954,1.6673421370660968
637,-5.901459438614731,-1.5370877550242579,0.3688363795183891,0.35649390610263954
638,-0.6585408938350135,-5.901459438614731,-1.5370877550242579,0.3688363795183891
639,-7.338636803717813,-0.6585408938350135,-5.901459438614731,-1.5370877550242579
640,2.3787272543820626,-7.338636803717813,-0.6585408938350135,-5.901459438614731
641,-0.6129729855713251,2.3787272543820626,-7.338636803717813,-0.6585408938350135
642,-2.2303183435973373,-0.6129729855713251,2.3787272543820626,-7.338636803717813
643,-0.3177640552688432,-2.2303183435973373,-0.6129729855713251,2.3787272543820626
644,-2.4309127164275135,-0.3177640552688432,-2.2303183435973373,-0.6129729855713251
645,1.0432322257875715,-2.4309127164275135,-0.3177640552688432,-2.2303183435973373
646,5.931403482264264,1.0432322257875715,-2.4309127164275135,-0.3177640552688432
647,-5.859866783469759,5.931403482264264,1.0432322257875715,-2.4309127164275135
648,2.6316069264191944,-5.859866783469759,5.931403482264264,1.0432322257875715
649,0.5325520645412585,2.6316069264191944,-5.859866783469759,5.931403482264264
650,0.7396269502024433,0.5325520645412585,2.6316069264191944,-5.859866783469759
651,2.165818977510847,0.7396269502024433,0.5325520645412585,2.6316069264191944
652,0.5062548285493573,2.165818977510847,0.7396269502024433,0.5325520645412585
653,3.8196736596736613,0.5062548285493573,2.165818977510847,0.7396269502024433
654,5.836103565526285,3.8196736596736613,0.5062548285493573,2.165818977510847
655,0.5190737812761803,5.836103565526285,3.8196736596736613,0.5062548285493573
656,-1.6078966858839916,0.5190737812761803,5.836103565526285,3.8196736596736613
657,1.8822510252867408,-1.6078966858839916,0.5190737812761803,5.836103565526285
658,0.14925399877085965,1.8822510252867408,-1.6078966858839916,0.5190737812761803
659,-1.2766643138257705,0.14925399877085965,1.8822510252867408,-1.6078966858839916
660,-0.8584444999440222,-1.2766643138257705,0.14925399877085965,1.8822510252867408
661,-0.7218732074115497,-0.8584444999440222,-1.2766643138257705,0.14925399877085965
662,-2.056331492423824,-0.7218732074115497,-0.8584444999440222,-1.2766643138257705
663,-1.0128672907906644,-2.056331492423824,-0.7218732074115497,-0.8584444999440222
664,-1.0450444338918619,-1.0128672907906644,-2.056331492423824,-0.7218732074115497
665,-0.006122803019226186,-1.0450444338918619,-1.0128672907906644,-2.056331492423824
666,-0.6330465918222727,-0.006122803019226186,-1.0450444338918619,-1.0128672907906644
667,-0.9249600922460632,-0.6330465918222727,-0.006122803019226186,-1.0450444338918619
668,-0.5763972384109528,-0.9249600922460632,-0.6330465918222727,-0.006122803019226186
669,-0.3246784651446233,-0.5763972384109528,-0.9249600922460632,-0.6330465918222727
670,-0.12782464681494465,-0.3246784651446233,-0.5763972384109528,-0.9249600922460632
671,0.0,-0.12782464681494465,-0.3246784651446233,-0.5763972384109528
672,-0.6571053390819981,-0.6952507099678984,-2.6398332220571974,-100.0
673,-0.6604904227562991,-0.6571053390819981,-0.6952507099678984,-2.6398332220571974
674,-1.841108788521706,-0.6604904227562991,-0.6571053390819981,-0.6952507099678984
675,-0.6021972552455734,-1.841108788521706,-0.6604904227562991,-0.6571053390819981
676,-0.16404883865268616,-0.6021972552455734,-1.841108788521706,-0.6604904227562991
677,-1.6974030206459712,-0.16404883865268616,-0.6021972552455734,-1.841108788521706
678,-2.8596365129890167,-1.6974030206459712,-0.16404883865268616,-0.6021972552455734
679,-2.072754994893633,-2.8596365129890167,-1.6974030206459712,-0.16404883865268616
680,-1.3479918106254263,-2.072754994893633,-2.8596365129890167,-1.6974030206459712
681,-1.1852391233265536,-1.3479918106254263,-2.072754994893633,-2.8596365129890167
682,-1.0952483385601286,-1.1852391233265536,-1.3479918106254263,-2.072754994893633
683,-3.280709394098924,-1.0952483385601286,-1.1852391233265536,-1.3479918106254263
684,-1.225282903973346,-3.280709394098924,-1.0952483385601286,-1.1852391233265536
685,0.22646063029843067,-1.225282903973346,-3.280709394098924,-1.0952483385601286
686,-2.2301717048813674,0.22646063029843067,-1.225282903973346,-3.280709394098924
687,-3.901228518557698,-2.2301717048813674,0.22646063029843067,-1.225282903973346
688,-0.4134663542211259,-3.901228518557698,-2.2301717048813674,0.22646063029843067
689,-1.8347399019881805,-0.4134663542211259,-3.901228518557698,-2.2301717048813674
690,-0.6299399668807215,-1.8347399019881805,-0.4134663542211259,-3.901228518557698
691,-0.6533991720285348,-0.6299399668807215,-1.8347399019881805,-0.4134663542211259
692,0.22945237130405083,-0.6533991720285348,-0.6299399668807215,-1.8347399019881805
693,-1.0785500900381995,0.22945237130405083,-0.6533991720285348,-0.6299399668807215
694,-0.367536560441728,-1.0785500900381995,0.22945237130405083,-0.6533991720285348
695,-0.13433541521933323,-0.367536560441728,-1.0785500900381995,0.22945237130405083
696,0.3646564772170846,-0.13433541521933323,-0.367536560441728,-1.0785500900381995
697,-0.43445228895954147,0.3646564772170846,-0.13433541521933323,-0.367536560441728
698,0.9489491948775131,-0.43445228895954147,0.3646564772170846,-0.13433541521933323
699,0.3658176250562306,0.9489491948775131,-0.43445228895954147,0.3646564772170846
700,0.27635681410196344,0.3658176250562306,0.9489491948775131,-0.43445228895954147
701,-0.4686471528552061,0.27635681410196344,0.3658176250562306,0.9489491948775131
702,0.6037737130131227,-0.4686471528552061,0.27635681410196344,0.3658176250562306
703,-0.2322235360860625,0.6037737130131227,-0.4686471528552061,0.27635681410196344
704,-0.22839057499191018,-0.2322235360860625,0.6037737130131227,-0.4686471528552061
705,-1.2253591671740005,-0.22839057499191018,-0.2322235360860625,0.6037737130131227
706,-0.09380097879282401,-1.2253591671740005,-0.22839057499191018,-0.2322235360860625
707,-0.3260910136646089,-0.09380097879282401,-1.2253591671740005,-0.22839057499191018
708,0.11450231653566956,-0.3260910136646089,-0.09380097879282401,-1.2253591671740005
709,-0.21079208795899973,0.11450231653566956,-0.3260910136646089,-0.09380097879282401
710,-0.49005685316189096,-0.21079208795899973,0.11450231653566956,-0.3260910136646089
711,-0.06331009804160237,-0.49005685316189096,-0.21079208795899973,0.11450231653566956
712,-0.3153371406784955,-0.06331009804160237,-0.49005685316189096,-0.21079208795899973
713,0.0,-0.3153371406784955,-0.06331009804160237,-0.49005685316189096
714,-1.6057834857495012,0.0,0.0,-100.0
715,-1.809533472191549,-1.8758344048578568,-2.2415390865006213,-1.6057834857495012
716,-0.7166181272614924,-1.809533472191549,-1.8758344048578568,-2.2415390865006213
717,-0.3014670040156875,-0.7166181272614924,-1.809533472191549,-1.8758344048578568
718,-0.012203555302447988,-0.3014670040156875,-0.7166181272614924,-1.809533472191549
719,-1.7181466632949616,-0.012203555302447988,-0.3014670040156875,-0.7166181272614924
720,-0.9235519764180466,-1.7181466632949616,-0.012203555302447988,-0.3014670040156875
721,0.282802726825504,-0.9235519764180466,-1.7181466632949616,-0.012203555302447988
722,-0.6470323265914457,0.282802726825504,-0.9235519764180466,-1.7181466632949616
723,0.0036231076230075487,-0.6470323265914457,0.282802726825504,-0.9235519764180466
724,-1.48049985275569,0.0036231076230075487,-0.6470323265914457,0.282802726825504
725,0.416038389997464,-1.48049985275569,0.0036231076230075487,-0.6470323265914457
726,19.116161952597288,0.416038389997464,-1.48049985275569,0.0036231076230075487
727,-1.0989268719803658,19.116161952597288,0.416038389997464,-1.48049985275569
728,-1.0928491959138253,-1.0989268719803658,19.116161952597288,0.416038389997464
729,-0.049813262843811934,-1.0928491959138253,-1.0989268719803658,19.116161952597288
730,-0.4284804195270997,-0.049813262843811934,-1.0928491959138253,-1.0989268719803658
731,-1.7656988849753863,-0.4284804195270997,-0.049813262843811934,-1.0928491959138253
732,-0.5548730499505994,-1.7656988849753863,-0.4284804195270997,-0.049813262843811934
733,-0.3086794663846648,-0.5548730499505994,-1.7656988849753863,-0.4284804195270997
734,-1.289558615245301,-0.3086794663846648,-0.5548730499505994,-1.7656988849753863
735,-1.4734065058861545,-1.289558615245301,-0.3086794663846648,-0.5548730499505994
736,-1.335664675312065,-1.4734065058861545,-1.289558615245301,-0.3086794663846648
737,-1.7158681876879633,-1.335664675312065,-1.4734065058861545,-1.289558615245301
738,-1.527539891899099,-1.7158681876879633,-1.335664675312065,-1.4734065058861545
739,-1.4586831954240598,-1.527539891899099,-1.7158681876879633,-1.335664675312065
740,-2.3222927722707065,-1.4586831954240598,-1.527539891899099,-1.7158681876879633
741,-2.076311435224909,-2.3222927722707065,-1.4586831954240598,-1.527539891899099
742,-1.8954600615199602,-2.076311435224909,-2.3222927722707065,-1.4586831954240598
743,-1.8023129566198004,-1.8954600615199602,-2.076311435224909,-2.3222927722707065
744,-2.6926071327999512,-1.8023129566198004,-1.8954600615199602,-2.076311435224909
745,2.8115886118626143,-2.6926071327999512,-1.8023129566198004,-1.8954600615199602
746,0.0,2.8115886118626143,-2.6926071327999512,-1.8023129566198004
747,-0.13811062034412291,-0.6233600083549784,0.37709293216310336,-100.0
748,-0.022465673771987493,-0.13811062034412291,-0.6233600083549784,0.37709293216310336
749,0.2879120365267607,-0.022465673771987493,-0.13811062034412291,-0.6233600083549784
750,-1.5021997310173507,0.2879120365267607,-0.022465673771987493,-0.13811062034412291
751,-3.006775698714237,-1.5021997310173507,0.2879120365267607,-0.022465673771987493
752,-0.8800636012350482,-3.006775698714237,-1.5021997310173507,0.2879120365267607
753,0.2821462744424519,-0.8800636012350482,-3.006775698714237,-1.5021997310173507
754,1.0312545270172446,0.2821462744424519,-0.8800636012350482,-3.006775698714237
755,-0.9420913988972823,1.0312545270172446,0.2821462744424519,-0.8800636012350482
756,1.5836551622210315,-0.9420913988972823,1.0312545270172446,0.2821462744424519
757,-1.420465292226214,1.5836551622210315,-0.9420913988972823,1.0312545270172446
758,-1.7146934749302178,-1.420465292226214,1.5836551622210315,-0.9420913988972823
759,-1.0175820117760526,-1.7146934749302178,-1.420465292226214,1.5836551622210315
760,-0.40419759346522754,-1.0175820117760526,-1.7146934749302178,-1.420465292226214
761,-1.386304695058771,-0.40419759346522754,-1.0175820117760526,-1.7146934749302178
762,0.22257852633511543,-1.386304695058771,-0.40419759346522754,-1.0175820117760526
763,-1.5229726308035763,0.22257852633511543,-1.386304695058771,-0.40419759346522754
764,-2.1401012249688267,-1.5229726308035763,0.22257852633511543,-1.386304695058771
765,-2.4309913045418297,-2.1401012249688267,-1.5229726308035763,0.22257852633511543
766,-1.7903458793584015,-2.4309913045418297,-2.1401012249688267,-1.5229726308035763
767,-1.9616033167803693,-1.7903458793584015,-2.4309913045418297,-2.1401012249688267
768,-1.8847897467437758,-1.9616033167803693,-1.7903458793584015,-2.4309913045418297
769,-0.5874087992822408,-1.8847897467437758,-1.9616033167803693,-1.7903458793584015
770,-0.9004498638854885,-0.5874087992822408,-1.8847897467437758,-1.9616033167803693
771,-3.409158325635009,-0.9004498638854885,-0.5874087992822408,-1.8847897467437758
772,-1.7919434709426696,-3.409158325635009,-0.9004498638854885,-0.5874087992822408
773,-0.14609366159615833,-1.7919434709426696,-3.409158325635009,-0.9004498638854885
774,0.44187418569778814,-0.14609366159615833,-1.7919434709426696,-3.409158325635009
775,-0.9221782020586766,0.44187418569778814,-0.14609366159615833,-1.7919434709426696
776,-1.5858647959643424,-0.9221782020586766,0.44187418569778814,-0.14609366159615833
777,-1.2464512961430474,-1.5858647959643424,-0.9221782020586766,0.44187418569778814
778,-1.318804676008356,-1.2464512961430474,-1.5858647959643424,-0.9221782020586766
779,-1.0583180282520477,-1.318804676008356,-1.2464512961430474,-1.5858647959643424
780,-0.8112327939844288,-1.0583180282520477,-1.318804676008356,-1.2464512961430474
781,-0.13154664081136414,-0.8112327939844288,-1.0583180282520477,-1.318804676008356
782,-0.9479076968574085,-0.13154664081136414,-0.8112327939844288,-1.0583180282520477
783,0.0,-0.9479076968574085,-0.13154664081136414,-0.8112327939844288
784,-3.5371422745249514,-3.1112946955793697,-2.4071307667796082,-100.0
785,-1.5862862317409965,-3.5371422745249514,-3.1112946955793697,-2.4071307667796082
786,-2.181591786948567,-1.5862862317409965,-3.5371422745249514,-3.1112946955793697
787,-1.7731970937971298,-2.181591786948567,-1.5862862317409965,-3.5371422745249514
788,-1.528559935639584,-1.7731970937971298,-2.181591786948567,-1.5862862317409965
789,-1.735705151625866,-1.528559935639584,-1.7731970937971298,-2.181591786948567
790,-1.531937333831379,-1.735705151625866,-1.528559935639584,-1.7731970937971298
791,-1.3637696121541198,-1.531937333831379,-1.735705151625866,-1.528559935639584
792,0.0,-1.3637696121541198,-1.531937333831379,-1.735705151625866
793,-0.09711734209937317,-1.7883620126457833,-2.268030769965834,-100.0
794,-1.3795993677187757,-0.09711734209937317,-1.7883620126457833,-2.268030769965834
795,2.9420872619707827,-1.3795993677187757,-0.09711734209937317,-1.7883620126457833
796,16.87824147475345,2.9420872619707827,-1.3795993677187757,-0.09711734209937317
797,2.4179123284219006,16.87824147475345,2.9420872619707827,-1.3795993677187757
798,-0.41378790813800803,2.4179123284219006,16.87824147475345,2.9420872619707827
799,2.181920100264678,-0.41378790813800803,2.4179123284219006,16.87824147475345
800,-1.1714824764678111,2.181920100264678,-0.41378790813800803,2.4179123284219006
801,-0.5862834933398675,-1.1714824764678111,2.181920100264678,-0.41378790813800803
802,0.00990739066575319,-0.5862834933398675,-1.1714824764678111,2.181920100264678
803,-0.8671584903436225,0.00990739066575319,-0.5862834933398675,-1.1714824764678111
804,-0.07379588496609912,-0.8671584903436225,0.00990739066575319,-0.5862834933398675
805,0.32535885167463974,-0.07379588496609912,-0.8671584903436225,0.00990739066575319
806,0.6589218820923781,0.32535885167463974,-0.07379588496609912,-0.8671584903436225
807,-0.5839614818115457,0.6589218820923781,0.32535885167463974,-0.07379588496609912
808,-0.4600958240921993,-0.5839614818115457,0.6589218820923781,0.32535885167463974
809,-0.8282280456011426,-0.4600958240921993,-0.5839614818115457,0.6589218820923781
810,-1.1087135198488252,-0.8282280456011426,-0.4600958240921993,-0.5839614818115457
811,-1.3142145127742255,-1.1087135198488252,-0.8282280456011426,-0.4600958240921993
812,0.27871794562952523,-1.3142145127742255,-1.1087135198488252,-0.8282280456011426
813,-0.6450619112506661,0.27871794562952523,-1.3142145127742255,-1.1087135198488252
814,-0.3584704023789631,-0.6450619112506661,0.27871794562952523,-1.3142145127742255
815,-1.1730773082649582,-0.3584704023789631,-0.6450619112506661,0.27871794562952523
816,0.0,-1.1730773082649582,-0.3584704023789631,-0.6450619112506661
817,-1.9087484075654526,-1.7194858016030379,-1.712439227197804,-100.0
818,-0.9810561092918779,-1.9087484075654526,-1.7194858016030379,-1.712439227197804
819,-1.687997943973274,-0.9810561092918779,-1.9087484075654526,-1.7194858016030379
820,-1.0449639698037472,-1.687997943973274,-0.9810561092918779,-1.9087484075654526
821,-0.5221977714904513,-1.0449639698037472,-1.687997943973274,-0.9810561092918779
822,-1.05145675231606,-0.5221977714904513,-1.0449639698037472,-1.687997943973274
823,-0.792947846532277,-1.05145675231606,-0.5221977714904513,-1.0449639698037472
824,-1.2510675056197407,-0.792947846532277,-1.05145675231606,-0.5221977714904513
825,-0.7098245217468269,-1.2510675056197407,-0.792947846532277,-1.05145675231606
826,-0.5411932651504747,-0.7098245217468269,-1.2510675056197407,-0.792947846532277
827,-0.25804290357740456,-0.5411932651504747,-0.7098245217468269,-1.2510675056197407
828,-0.6245222298770337,-0.25804290357740456,-0.5411932651504747,-0.7098245217468269
829,-0.6000865197989258,-0.6245222298770337,-0.25804290357740456,-0.5411932651504747
830,-0.5724537849932876,-0.6000865197989258,-0.6245222298770337,-0.25804290357740456
831,0.0,-0.5724537849932876,-0.6000865197989258,-0.6245222298770337
832,-25.06871358767149,0.0797446074020769,-0.3825275679589901,-1.0669851749978032
833,31.18196116325209,-25.06871358767149,0.0797446074020769,-0.3825275679589901
834,-0.5222738962654239,31.18196116325209,-25.06871358767149,0.0797446074020769
835,-26.401520524240453,-0.5222738962654239,31.18196116325209,-25.06871358767149
836,0.39026820559662223,-26.401520524240453,-0.5222738962654239,31.18196116325209
837,-0.009639081525791848,0.39026820559662223,-26.401520524240453,-0.5222738962654239
838,-0.8433450874824833,-0.009639081525791848,0.39026820559662223,-26.401520524240453
839,-0.03817041662880216,-0.8433450874824833,-0.009639081525791848,0.39026820559662223
840,-0.4546463499027209,-0.03817041662880216,-0.8433450874824833,-0.009639081525791848
841,-0.6720471910345305,-0.4546463499027209,-0.03817041662880216,-0.8433450874824833
842,-0.16335328719273567,-0.6720471910345305,-0.4546463499027209,-0.03817041662880216
843,-1.5013371923562668,-0.16335328719273567,-0.6720471910345305,-0.4546463499027209
844,-1.0628846047058715,-1.5013371923562668,-0.16335328719273567,-0.6720471910345305
845,0.10357158157081603,-1.0628846047058715,-1.5013371923562668,-0.16335328719273567
846,-0.10315163290036677,0.10357158157081603,-1.0628846047058715,-1.5013371923562668
847,0.06371065866828118,-0.10315163290036677,0.10357158157081603,-1.0628846047058715
848,-1.3644318327878935,0.06371065866828118,-0.10315163290036677,0.10357158157081603
849,0.932859739221592,-1.3644318327878935,0.06371065866828118,-0.10315163290036677
850,0.4636404322617249,0.932859739221592,-1.3644318327878935,0.06371065866828118
851,0.8885814212690635,0.4636404322617249,0.932859739221592,-1.3644318327878935
852,-0.014684514792717707,0.8885814212690635,0.4636404322617249,0.932859739221592
853,-0.8610953173600611,-0.014684514792717707,0.8885814212690635,0.4636404322617249
854,0.28326930965361097,-0.8610953173600611,-0.014684514792717707,0.8885814212690635
855,0.024610952651116236,0.28326930965361097,-0.8610953173600611,-0.014684514792717707
856,-0.6222761033699564,0.024610952651116236,0.28326930965361097,-0.8610953173600611
857,-0.1688814284001472,-0.6222761033699564,0.024610952651116236,0.28326930965361097
858,-1.3694123042717443,-0.1688814284001472,-0.6222761033699564,0.024610952651116236
859,-0.08188401888725716,-1.3694123042717443,-0.1688814284001472,-0.6222761033699564
860,0.35149428542329275,-0.08188401888725716,-1.3694123042717443,-0.1688814284001472
861,0.7560271672694352,0.35149428542329275,-0.08188401888725716,-1.3694123042717443
862,1.141963278549718,0.7560271672694352,0.35149428542329275,-0.08188401888725716
863,2.755579539352393,1.141963278549718,0.7560271672694352,0.35149428542329275
864,2.5562449239322493,2.755579539352393,1.141963278549718,0.7560271672694352
865,-0.08256279453779936,2.5562449239322493,2.755579539352393,1.141963278549718
866,0.6291746354462724,-0.08256279453779936,2.5562449239322493,2.755579539352393
867,-0.22959572187596367,0.6291746354462724,-0.08256279453779936,2.5562449239322493
868,-0.6988441330998296,-0.22959572187596367,0.6291746354462724,-0.08256279453779936
869,-1.4251087497565318,-0.6988441330998296,-0.22959572187596367,0.6291746354462724
870,0.44288340548495064,-1.4251087497565318,-0.6988441330998296,-0.22959572187596367
871,-1.023553358534457,0.44288340548495064,-1.4251087497565318,-0.6988441330998296
872,-0.9202103930864958,-1.023553358534457,0.44288340548495064,-1.4251087497565318
873,-0.2944347260078972,-0.9202103930864958,-1.023553358534457,0.44288340548495064
874,0.2163037684012048,-0.2944347260078972,-0.9202103930864958,-1.023553358534457
875,-0.10349776562089685,0.2163037684012048,-0.2944347260078972,-0.9202103930864958
876,1.1001991157908897,-0.10349776562089685,0.2163037684012048,-0.2944347260078972
877,1.4167172637117975,1.1001991157908897,-0.10349776562089685,0.2163037684012048
878,-0.148599824117146,1.4167172637117975,1.1001991157908897,-0.10349776562089685
879,4.233398696274304,-0.148599824117146,1.4167172637117975,1.1001991157908897
880,2.6602674159836193,4.233398696274304,-0.148599824117146,1.4167172637117975
881,-0.9574844835296692,2.6602674159836193,4.233398696274304,-0.148599824117146
882,-0.7666459304282225,-0.9574844835296692,2.6602674159836193,4.233398696274304
883,-0.09151024316291778,-0.7666459304282225,-0.9574844835296692,2.6602674159836193
884,-0.1837715230403214,-0.09151024316291778,-0.7666459304282225,-0.9574844835296692
885,-3.4216484063862573,-0.1837715230403214,-0.09151024316291778,-0.7666459304282225
886,-0.5659173333757206,-3.4216484063862573,-0.1837715230403214,-0.09151024316291778
887,0.0,-0.5659173333757206,-3.4216484063862573,-0.1837715230403214
888,-26.37114994914478,18.890758765811434,-0.1509001643657637,-1.0132618412390437
889,31.889255524734782,-26.37114994914478,18.890758765811434,-0.1509001643657637
890,-0.17796140527067683,31.889255524734782,-26.37114994914478,18.890758765811434
891,-26.561795414339727,-0.17796140527067683,31.889255524734782,-26.37114994914478
892,1.1255284493329132,-26.561795414339727,-0.17796140527067683,31.889255524734782
893,-0.5034822223385915,1.1255284493329132,-26.561795414339727,-0.17796140527067683
894,-0.9725036780255158,-0.5034822223385915,1.1255284493329132,-26.561795414339727
895,-0.47818911859869306,-0.9725036780255158,-0.5034822223385915,1.1255284493329132
896,-0.5217900245870988,-0.47818911859869306,-0.9725036780255158,-0.5034822223385915
897,-31.593982813142052,-0.5217900245870988,-0.47818911859869306,-0.9725036780255158
898,2.07157044198536,-31.593982813142052,-0.5217900245870988,-0.47818911859869306
899,-0.09436403606222221,2.07157044198536,-31.593982813142052,-0.5217900245870988
900,-1.1797088014666057,-0.09436403606222221,2.07157044198536,-31.593982813142052
901,1.9994826221129358,-1.1797088014666057,-0.09436403606222221,2.07157044198536
902,-2.2178100815467117,1.9994826221129358,-1.1797088014666057,-0.09436403606222221
903,6.597252978802781,-2.2178100815467117,1.9994826221129358,-1.1797088014666057
904,-2.0007629917638714,6.597252978802781,-2.2178100815467117,1.9994826221129358
905,0.1734920207016044,-2.0007629917638714,6.597252978802781,-2.2178100815467117
906,2.480015256742374,0.1734920207016044,-2.0007629917638714,6.597252978802781
907,3.1680455315801437,2.480015256742374,0.1734920207016044,-2.0007629917638714
908,0.4934013556561423,3.1680455315801437,2.480015256742374,0.1734920207016044
909,-2.267458782926879,0.4934013556561423,3.1680455315801437,2.480015256742374
910,0.11904327757141786,-2.267458782926879,0.4934013556561423,3.1680455315801437
911,1.5059945684573028,0.11904327757141786,-2.267458782926879,0.4934013556561423
912,-0.503388741502242,1.5059945684573028,0.11904327757141786,-2.267458782926879
913,-0.33368790336603116,-0.503388741502242,1.5059945684573028,0.11904327757141786
914,-1.955037679690963,-0.33368790336603116,-0.503388741502242,1.5059945684573028
915,0.4856745072177038,-1.955037679690963,-0.33368790336603116,-0.503388741502242
916,-0.6055438083001574,0.4856745072177038,-1.955037679690963,-0.33368790336603116
917,-0.5723021664507,-0.6055438083001574,0.4856745072177038,-1.955037679690963
918,0.11902935678693716,-0.5723021664507,-0.6055438083001574,0.4856745072177038
919,-0.756921980524361,0.11902935678693716,-0.5723021664507,-0.6055438083001574
920,0.14045492876728627,-0.756921980524361,0.11902935678693716,-0.5723021664507
921,-0.8143088514893315,0.14045492876728627,-0.756921980524361,0.11902935678693716
922,1.2880132894793173,-0.8143088514893315,0.14045492876728627,-0.756921980524361
923,8.986764452485563,1.2880132894793173,-0.8143088514893315,0.14045492876728627
924,2.561427304502062,8.986764452485563,1.2880132894793173,-0.8143088514893315
925,-0.42610879924103173,2.561427304502062,8.986764452485563,1.2880132894793173
926,2.2360146436310346,-0.42610879924103173,2.561427304502062,8.986764452485563
927,-1.5424151338264358,2.2360146436310346,-0.42610879924103173,2.561427304502062
928,0.23599014468653756,-1.5424151338264358,2.2360146436310346,-0.42610879924103173
929,0.31144783313197255,0.23599014468653756,-1.5424151338264358,2.2360146436310346
930,-0.0856660664912301,0.31144783313197255,0.23599014468653756,-1.5424151338264358
931,-0.3767633624468636,-0.0856660664912301,0.31144783313197255,0.23599014468653756
932,-0.15555039040848762,-0.3767633624468636,-0.0856660664912301,0.31144783313197255
933,2.622481916672892,-0.15555039040848762,-0.3767633624468636,-0.0856660664912301
934,-0.28170208480743364,2.622481916672892,-0.15555039040848762,-0.3767633624468636
935,3.0193078515103,-0.28170208480743364,2.622481916672892,-0.15555039040848762
936,2.6379261527490927,3.0193078515103,-0.28170208480743364,2.622481916672892
937,-2.233542020939938,2.6379261527490927,3.0193078515103,-0.28170208480743364
938,-1.7575199796687313,-2.233542020939938,2.6379261527490927,3.0193078515103
939,-0.006581802048644114,-1.7575199796687313,-2.233542020939938,2.6379261527490927
940,-0.606820616225745,-0.006581802048644114,-1.7575199796687313,-2.233542020939938
941,-0.20574019818239142,-0.606820616225745,-0.006581802048644114,-1.7575199796687313
942,-0.19165398537003275,-0.20574019818239142,-0.606820616225745,-0.006581802048644114
943,0.0,-0.19165398537003275,-0.20574019818239142,-0.606820616225745
944,0.6506101290153499,2.808307021630241,2.399132565560813,-100.0
945,-0.6333858779463686,0.6506101290153499,2.808307021630241,2.399132565560813
946,0.2996158036584706,-0.6333858779463686,0.6506101290153499,2.808307021630241
947,-5.9092792618580585,0.2996158036584706,-0.6333858779463686,0.6506101290153499
948,1.1688783911219636,-5.9092792618580585,0.2996158036584706,-0.6333858779463686
949,-2.710165256135222,1.1688783911219636,-5.9092792618580585,0.2996158036584706
950,-0.385548143623482,-2.710165256135222,1.1688783911219636,-5.9092792618580585
951,0.5031606867020422,-0.385548143623482,-2.710165256135222,1.1688783911219636
952,2.0150398584483975,0.5031606867020422,-0.385548143623482,-2.710165256135222
953,1.3135552183878296,2.0150398584483975,0.5031606867020422,-0.385548143623482
954,100.0,1.3135552183878296,2.0150398584483975,0.5031606867020422
955,0.0,100.0,1.3135552183878296,2.0150398584483975
956,0.0,0.0,100.0,1.3135552183878296
957,0.0,0.0,0.0,100.0
958,-1.4365329849130748,0.0,-100.0,100.0
959,0.0,-1.4365329849130748,0.0,-100.0
960,-1.5963338618248168,0.0,0.0,-1.4365329849130748
961,-1.4531485338016736,-2.141530901425359,-2.84597268567488,-1.5963338618248168
962,-1.7106339142532456,-1.4531485338016736,-2.141530901425359,-2.84597268567488
963,1.0730674763003156,-1.7106339142532456,-1.4531485338016736,-2.141530901425359
964,4.693779178717272,1.0730674763003156,-1.7106339142532456,-1.4531485338016736
965,-1.4831900002052478,4.693779178717272,1.0730674763003156,-1.7106339142532456
966,-2.3011085650585295,-1.4831900002052478,4.693779178717272,1.0730674763003156
967,0.13265667762705213,-2.3011085650585295,-1.4831900002052478,4.693779178717272
968,-2.3232200733823705,0.13265667762705213,-2.3011085650585295,-1.4831900002052478
969,1.6053535557642329,-2.3232200733823705,0.13265667762705213,-2.3011085650585295
970,0.2577981586519007,1.6053535557642329,-2.3232200733823705,0.13265667762705213
971,0.0,0.2577981586519007,1.6053535557642329,-2.3232200733823705
972,-100.0,0.0,100.0,-100.0
973,-1.6966495544108562,-100.0,0.0,100.0
974,-0.8852092464458172,-2.0205670449242485,-1.6966495544108562,-100.0
975,-1.6914465391756894,-0.8852092464458172,-2.0205670449242485,-1.6966495544108562
976,2.857142857142847,-1.6914465391756894,-0.8852092464458172,-2.0205670449242485
977,-0.7189950275362622,2.857142857142847,-1.6914465391756894,-0.8852092464458172
978,2.455794631444408,-0.7189950275362622,2.857142857142847,-1.6914465391756894
979,-1.9796414931624984,2.455794631444408,-0.7189950275362622,2.857142857142847
980,-0.2452140026352856,-1.9796414931624984,2.455794631444408,-0.7189950275362622
981,1.8611458541353487,-0.2452140026352856,-1.9796414931624984,2.455794631444408
982,0.3032336183082851,1.8611458541353487,-0.2452140026352856,-1.9796414931624984
983,-0.8252806184484984,0.3032336183082851,1.8611458541353487,-0.2452140026352856
984,0.7515168407388195,-0.8252806184484984,0.3032336183082851,1.8611458541353487
985,-0.7068449400637111,0.7515168407388195,-0.8252806184484984,0.3032336183082851
986,-1.1281624341794805,-0.7068449400637111,0.7515168407388195,-0.8252806184484984
987,3.1922622109332277,-1.1281624341794805,-0.7068449400637111,0.7515168407388195
988,10.131266563215501,3.1922622109332277,-1.1281624341794805,-0.7068449400637111
989,-1.4553564775439787,10.131266563215501,3.1922622109332277,-1.1281624341794805
990,-2.4188294735167037,-1.4553564775439787,10.131266563215501,3.1922622109332277
991,0.5822683646598437,-2.4188294735167037,-1.4553564775439787,10.131266563215501
992,-2.7318414157467497,0.5822683646598437,-2.4188294735167037,-1.4553564775439787
993,0.6875373726352496,-2.7318414157467497,0.5822683646598437,-2.4188294735167037
994,0.3654453494170484,0.6875373726352496,-2.7318414157467497,0.5822683646598437
995,0.0,0.3654453494170484,0.6875373726352496,-2.7318414157467497
996,-0.6232800072579869,0.0,100.0,-1.3337562638964684
997,0.03513607657241735,-0.6232800072579869,0.0,100.0
998,0.8194262437437816,1.5417937690653583,0.03513607657241735,-0.6232800072579869
999,-0.5703301644805592,0.8194262437437816,1.5417937690653583,0.03513607657241735
1000,1.8125541097361753,-0.5703301644805592,0.8194262437437816,1.5417937690653583
1001,-0.6556126325045541,1.8125541097361753,-0.5703301644805592,0.8194262437437816
1002,0.4662991402507144,-0.6556126325045541,1.8125541097361753,-0.5703301644805592
1003,0.09418840986830102,0.4662991402507144,-0.6556126325045541,1.8125541097361753
1004,0.5407898606914596,0.09418840986830102,0.4662991402507144,-0.6556126325045541
1005,0.0,0.5407898606914596,0.09418840986830102,0.4662991402507144
1006,-3.0336527434440264,0.0,0.5407898606914596,0.09418840986830102
1007,-1.5260867681375578,-3.0336527434440264,0.0,0.5407898606914596
1008,-0.2712181578569228,-0.1987091606463487,-1.5260867681375578,-3.0336527434440264
1009,-0.012632292452974259,-0.2712181578569228,-0.1987091606463487,-1.5260867681375578
1010,-1.0800229504877024,-0.012632292452974259,-0.2712181578569228,-0.1987091606463487
1011,-1.7976239942010142,-1.0800229504877024,-0.012632292452974259,-0.2712181578569228
1012,-0.42709643120611984,-1.7976239942010142,-1.0800229504877024,-0.012632292452974259
1013,-0.7307635937271018,-0.42709643120611984,-1.7976239942010142,-1.0800229504877024
1014,-0.8167058755191525,-0.7307635937271018,-0.42709643120611984,-1.7976239942010142
1015,-0.7937986273301667,-0.8167058755191525,-0.7307635937271018,-0.42709643120611984
1016,-0.17525371698242642,-0.7937986273301667,-0.8167058755191525,-0.7307635937271018
1017,-1.0721440058685805,-0.17525371698242642,-0.7937986273301667,-0.8167058755191525
1018,-0.6420545746388395,-1.0721440058685805,-0.17525371698242642,-0.7937986273301667
1019,-0.5400412523943521,-0.6420545746388395,-1.0721440058685805,-0.17525371698242642
1020,-0.1540881426904228,-0.5400412523943521,-0.6420545746388395,-1.0721440058685805
1021,0.1354650035459981,-0.1540881426904228,-0.5400412523943521,-0.6420545746388395
1022,-0.11801835251683546,0.1354650035459981,-0.1540881426904228,-0.5400412523943521
1023,-0.1128374503515217,-0.11801835251683546,0.1354650035459981,-0.1540881426904228
1024,0.37265562954365006,-0.1128374503515217,-0.11801835251683546,0.1354650035459981
1025,-0.8471026058171516,0.37265562954365006,-0.1128374503515217,-0.11801835251683546
1026,-1.0207559024930535,-0.8471026058171516,0.37265562954365006,-0.1128374503515217
1027,-1.340337916557055,-1.0207559024930535,-0.8471026058171516,0.37265562954365006
1028,-0.7543413636791674,-1.340337916557055,-1.0207559024930535,-0.8471026058171516
1029,-0.9072830227858986,-0.7543413636791674,-1.340337916557055,-1.0207559024930535
1030,6.988108767358714,-0.9072830227858986,-0.7543413636791674,-1.340337916557055
1031,-0.9900632059656966,6.988108767358714,-0.9072830227858986,-0.7543413636791674
1032,-2.860503422686167,-0.9900632059656966,6.988108767358714,-0.9072830227858986
1033,0.42977168224205275,-2.860503422686167,-0.9900632059656966,6.988108767358714
1034,0.5420969861693159,0.42977168224205275,-2.860503422686167,-0.9900632059656966
1035,0.4420308467569356,0.5420969861693159,0.42977168224205275,-2.860503422686167
1036,0.09621606687137962,0.4420308467569356,0.5420969861693159,0.42977168224205275
1037,0.0,0.09621606687137962,0.4420308467569356,0.5420969861693159
1038,100.0,100.0,0.959553229787935,-100.0
1039,-100.0,100.0,100.0,0.959553229787935
1040,0.0,-100.0,100.0,100.0
1041,-18.064178238919638,20.020095871741717,-0.9841840067183028,0.30278471626410397
1042,19.85230443567787,-18.064178238919638,20.020095871741717,-0.9841840067183028
1043,-0.7987782157121037,19.85230443567787,-18.064178238919638,20.020095871741717
1044,-17.161808975121907,-0.7987782157121037,19.85230443567787,-18.064178238919638
1045,1.6001009593769933,-17.161808975121907,-0.7987782157121037,19.85230443567787
1046,0.5736885682973369,1.6001009593769933,-17.161808975121907,-0.7987782157121037
1047,1.070950468540821,0.5736885682973369,1.6001009593769933,-17.161808975121907
1048,-1.3382173112542195,1.070950468540821,0.5736885682973369,1.6001009593769933
1049,-1.806275360572096,-1.3382173112542195,1.070950468540821,0.5736885682973369
1050,-24.814643139097548,-1.806275360572096,-1.3382173112542195,1.070950468540821
1051,1.6370960353792707,-24.814643139097548,-1.806275360572096,-1.3382173112542195
1052,-2.6494027857711933,1.6370960353792707,-24.814643139097548,-1.806275360572096
1053,0.985729334083163,-2.6494027857711933,1.6370960353792707,-24.814643139097548
1054,-3.925294472927243,0.985729334083163,-2.6494027857711933,1.6370960353792707
1055,-6.783041430924097,-3.925294472927243,0.985729334083163,-2.6494027857711933
1056,11.115847133295853,-6.783041430924097,-3.925294472927243,0.985729334083163
1057,-1.2233518473047988,11.115847133295853,-6.783041430924097,-3.925294472927243
1058,4.364754959141015,-1.2233518473047988,11.115847133295853,-6.783041430924097
1059,0.7082792846863306,4.364754959141015,-1.2233518473047988,11.115847133295853
1060,2.356991949936371,0.7082792846863306,4.364754959141015,-1.2233518473047988
1061,1.1918004642459845,2.356991949936371,0.7082792846863306,4.364754959141015
1062,1.179424396375639,1.1918004642459845,2.356991949936371,0.7082792846863306
1063,-2.1094845088659997,1.179424396375639,1.1918004642459845,2.356991949936371
1064,-4.1991465149359914,-2.1094845088659997,1.179424396375639,1.1918004642459845
1065,-4.685839360705934,-4.1991465149359914,-2.1094845088659997,1.179424396375639
1066,-0.13568635620202496,-4.685839360705934,-4.1991465149359914,-2.1094845088659997
1067,-4.73016335269405,-0.13568635620202496,-4.685839360705934,-4.1991465149359914
1068,-0.5246702842563011,-4.73016335269405,-0.13568635620202496,-4.685839360705934
1069,-0.19331171439018746,-0.5246702842563011,-4.73016335269405,-0.13568635620202496
1070,-0.46326858135365967,-0.19331171439018746,-0.5246702842563011,-4.73016335269405
1071,0.4155954444457377,-0.46326858135365967,-0.19331171439018746,-0.5246702842563011
1072,-1.5049629076174353,0.4155954444457377,-0.46326858135365967,-0.19331171439018746
1073,0.1572005413751354,-1.5049629076174353,0.4155954444457377,-0.46326858135365967
1074,-0.7975565664456563,0.1572005413751354,-1.5049629076174353,0.4155954444457377
1075,2.666322743505112,-0.7975565664456563,0.1572005413751354,-1.5049629076174353
1076,6.46780639670792,2.666322743505112,-0.7975565664456563,0.1572005413751354
1077,3.0071289695398518,6.46780639670792,2.666322743505112,-0.7975565664456563
1078,-0.6450567698559451,3.0071289695398518,6.46780639670792,2.666322743505112
1079,2.456642022291544,-0.6450567698559451,3.0071289695398518,6.46780639670792
1080,-1.966714378793244,2.456642022291544,-0.6450567698559451,3.0071289695398518
1081,0.28879217368134036,-1.966714378793244,2.456642022291544,-0.6450567698559451
1082,0.8760156892120952,0.28879217368134036,-1.966714378793244,2.456642022291544
1083,0.2388388279244147,0.8760156892120952,0.28879217368134036,-1.966714378793244
1084,-0.49076175538161904,0.2388388279244147,0.8760156892120952,0.28879217368134036
1085,0.49480633372680494,-0.49076175538161904,0.2388388279244147,0.8760156892120952
1086,2.827270130819959,0.49480633372680494,-0.49076175538161904,0.2388388279244147
1087,-0.5572935998727435,2.827270130819959,0.49480633372680494,-0.49076175538161904
1088,2.770234993795251,-0.5572935998727435,2.827270130819959,0.49480633372680494
1089,2.701964993871697,2.770234993795251,-0.5572935998727435,2.827270130819959
1090,-1.9604741873024523,2.701964993871697,2.770234993795251,-0.5572935998727435
1091,-1.7270571461104667,-1.9604741873024523,2.701964993871697,2.770234993795251
1092,-0.05256929366429519,-1.7270571461104667,-1.9604741873024523,2.701964993871697
1093,-1.318313984589159,-0.05256929366429519,-1.7270571461104667,-1.9604741873024523
1094,0.08844236155143292,-1.318313984589159,-0.05256929366429519,-1.7270571461104667
1095,-0.25908300880185253,0.08844236155143292,-1.318313984589159,-0.05256929366429519
1096,0.0,-0.25908300880185253,0.08844236155143292,-1.318313984589159
1097,0.0,0.0,0.0,0.0
