	老医生立遗嘱将财产留给救过自己的朋友	一半法国人不愿接种新冠疫苗	金晨拒绝陈一鸣	于朦胧练舞好像做颈椎复健操	有翡还原度	王一博好会哭	QQ或推出已读功能	明道工作室回应	安徽发现一批次国产鸡腿外包装阳性	糖水燕窝曝光者隐私遭辛选泄露	向太晒向佐郭碧婷豪宅内景	于正否认有儿子	王小岚否认自己是视频中的女生	明星大侦探演唱会阵容	国台办称绝不为台独分裂活动留空间	苹果计划将iPhone产量提升30％	兔子搓脸脸有多可爱	哥老官 兽药	胡一天乔欣亲出声	朱星杰承认与王岚恋情	我国超一半人感染幽门螺杆菌	金晨 不喜欢就是不喜欢	哈尔滨男子晨跑眉毛挂霜变鳌拜	王岚称另有男友	朴彩英给金智秀送咖啡车应援	国产千元机遭海外疯抢	港府官员宣誓效忠香港特区	尼格买提父母爱情太好哭了	核酸检测阳性旅客达5个暂停该航线2周	何炅为了张杰的票戒酒7天	QQ 怎么还当真了	奚梦瑶 烫头是冬天的仪式感	东北虎也扛不住哈尔滨的冷	唐艺昕圣诞热红酒vlog	能让羽绒服冬天滞销的城市	张云雷煮泡面的锅坏了	杨幂反派气场	韩国小朋友的汉语考试	huanfeng道歉	不奉陪	上万枚冷冻胚胎十年无人问津
0	443010	517499	524451	527676	535748	614123	626991	652302	663585	693949	808144	1036601	1050710	1066975	1074837	1104624	1110771	1121786	2239404	2808162	2832791	3256128	0	0	0	0	0	0	0	0	0	0	0	0	0	0	0	0	0	0	0
1	443010	517499	524451	527676	535748	614123	626991	652302	663585	693949	808144	1036601	1050710	1066975	1074837	1104624	1110771	1121786	2239404	2808162	2832791	3256128	0	0	0	0	0	0	0	0	0	0	0	0	0	0	0	0	0	0	0
2	453665	443428	565990	590794	605036	624069	634115	642580	643418	652252	792342	1049096	1059744	1070961	1077522	1087066	1098544	1110708	2218253	2777681	2901241	3199480	0	0	0	0	0	0	0	0	0	0	0	0	0	0	0	0	0	0	0
3	463362	454629	568119	568489	573915	614699	624767	633847	634264	635641	789445	1075954	1078368	1086100	1097392	1104047	1108010	1115004	2257612	2771129	2899807	3189179	0	0	0	0	0	0	0	0	0	0	0	0	0	0	0	0	0	0	0
4	469918	462352	555580	560774	584838	600270	607551	619956	622677	626378	783598	1105318	1105606	1106130	1106778	1107326	1107739	1108100	2303224	2732291	2863164	3171034	0	0	0	0	0	0	0	0	0	0	0	0	0	0	0	0	0	0	0
5	474762	0	558304	607235	590292	732628	743897	583522	766601	777326	778678	1139356	1282857	1417612	1516585	1900817	1968432	2337139	2340263	2729171	2740465	3162729	0	0	0	0	0	0	0	0	0	0	0	0	0	0	0	0	0	0	0
6	489197	488272	557930	630698	601818	737772	743193	593549	771548	775547	787449	1160437	1251292	1330028	1616325	1902722	1935511	2232712	2347620	2742110	2930213	3167804	0	0	0	0	0	0	0	0	0	0	0	0	0	0	0	0	0	0	0
7	500209	0	557319	645836	615355	727660	728700	573445	756433	772650	782669	1152451	1204482	1373976	1608907	1725853	1906689	2129370	2326616	2734157	2749650	3134332	746423	0	0	0	0	0	0	0	0	0	0	0	0	0	0	0	0	0	0
8	484612	489474	554116	668612	632546	725164	730666	556624	763106	780991	783655	1176616	1160911	1262049	1601328	1744524	1998190	2120491	2311029	2735141	2746021	3120077	744566	0	0	0	0	0	0	0	0	0	0	0	0	0	0	0	0	0	0
9	481652	501724	554499	688430	647170	725882	733062	541489	762567	770495	785329	1213346	1133738	1398637	1596972	1787915	2006998	2137460	2298079	2735503	2851232	3120495	743209	0	0	0	0	0	0	0	0	0	0	0	0	0	0	0	0	0	0
10	473107	509938	549733	692422	683584	729135	736629	533060	757990	771387	784802	1224646	1118318	1237155	1578259	1742769	1998461	2180631	2261241	2707961	2865117	3093515	744160	0	0	0	0	0	0	0	0	0	0	0	0	0	0	0	0	0	0
11	444333	522506	546890	695525	653890	732486	735149	522311	786128	749860	786571	1237974	1094968	1279605	1511725	1686616	1857627	2181101	2243169	2702680	2719499	3090218	767079	0	0	0	0	0	0	0	0	0	0	0	0	0	0	0	0	0	0
12	491613	533177	544508	692298	654386	735398	736281	511216	769987	746315	776726	1259230	1070579	1259796	1592953	1666003	1855987	2028608	2211986	2694207	2742630	3085025	760647	477511	0	0	0	0	0	0	0	0	0	0	0	0	0	0	0	0	0
13	450731	540442	546273	673690	651264	735741	740483	450399	775011	756103	777017	1273544	1052502	1352426	1478927	1638804	1908523	2030893	2140061	2688786	2791757	3072706	756655	545264	0	0	0	0	0	0	0	0	0	0	0	0	0	0	0	0	0
14	462997	550494	540994	652282	650744	743913	750244	461060	777780	765176	787028	1311263	1047314	1404689	1543935	1668438	1871808	2067680	2077512	2724028	2744563	3094266	772913	618092	0	0	0	0	0	0	0	0	0	0	0	0	0	0	0	0	0
15	467581	553818	539682	618663	649123	740581	750546	457516	800705	752298	787517	1341103	1037190	902258	1575560	1731752	1837690	2025532	2028256	2703569	2715829	3081508	1409331	719301	0	0	0	0	0	0	0	0	0	0	0	0	0	0	0	0	0
16	477990	554068	542102	584922	654275	744333	933626	467905	989224	950119	1003234	1012956	1011215	972302	1019828	1023875	1028002	1028760	2005448	2670523	2863404	3081074	1015405	803185	0	0	0	0	0	0	0	0	0	0	0	0	0	0	0	0	0
17	484456	545204	539466	559186	652245	745568	916643	472080	966492	925235	999682	1002827	999902	939560	1010196	1015532	1019819	1020146	1981717	2643667	2721389	3072202	1007626	873593	0	0	0	0	0	0	0	0	0	0	0	0	0	0	0	0	0
18	489432	533577	538458	548875	654129	744284	914909	463506	978358	970074	981409	987502	983522	976194	998932	993132	1008862	1013134	1965163	2620012	2703067	3067004	1003085	969487	0	0	0	0	0	0	0	0	0	0	0	0	0	0	0	0	0
19	486859	521514	537021	536515	654792	737580	741592	456030	768720	756354	773723	781161	776672	764871	791887	785284	799409	1012303	1947353	2593946	2661500	3052776	795383	749901	0	0	0	0	0	0	0	0	0	0	0	0	0	0	0	0	0
20	483765	516970	537265	527638	662301	733023	734331	449996	770482	750891	771561	778376	777698	759674	790684	786105	803075	1019338	1942638	2586002	2763490	3052568	801094	747512	0	0	0	0	0	0	0	0	0	0	0	0	0	0	0	0	0
21	476794	514483	535893	517294	654922	727549	731336	0	760727	764305	769910	781995	771675	751295	798058	791342	808099	1026694	1946287	2580381	2681478	3056852	801198	736071	474777	0	0	0	0	0	0	0	0	0	0	0	0	0	0	0	0
22	469432	516403	533521	466219	665188	724458	728903	452157	747989	758403	760516	771276	767586	743908	792697	782294	812645	1030706	1952245	2566752	2783273	3057347	807943	737559	528967	0	0	0	0	0	0	0	0	0	0	0	0	0	0	0	0
23	457863	514485	530689	456594	671366	716051	718398	0	747600	750714	756322	777889	764055	733449	795222	782264	811295	1022710	1952808	2535620	2598699	3045684	809447	726177	560879	0	0	0	0	0	0	0	0	0	0	0	0	0	0	0	0
24	513692	510434	519091	494098	674827	714285	720857	0	780326	746167	750708	769779	752804	742320	717193	789745	807626	1017021	1941607	2508792	2636874	3021452	796406	732119	578240	452283	733287	0	0	0	0	0	0	0	0	0	0	0	0	0	0
25	491362	511315	516448	485900	679924	715219	719731	0	740259	747264	752217	765053	752327	736735	0	785015	808711	1017167	1939747	2503561	2584436	3015986	804154	728786	600970	0	795474	0	0	0	0	0	0	0	0	0	0	0	0	0	0
26	513670	512615	515143	479357	681417	668833	903364	0	980625	950859	937130	972675	952280	927542	512787	990492	1009781	1013538	1933610	2496297	2589154	3011434	993156	904145	763230	0	960534	0	0	0	0	0	0	0	0	0	0	0	0	0	0
27	488837	515386	512596	0	681551	651080	896500	0	919957	928381	934590	942089	939728	907682	478102	957530	998744	1008556	1924480	2492959	2635112	3003046	988127	898171	799801	0	971727	0	0	0	0	0	0	0	0	0	0	0	0	0	0
28	474770	522541	510814	472000	687014	610043	895827	0	915046	924003	930752	941046	937666	909042	0	952973	1002796	1007672	1920513	2493394	2730425	2991011	989707	901873	835499	0	975648	0	0	0	0	0	0	0	0	0	0	0	0	0	0
29	486949	523983	509595	471921	687316	619721	894290	0	912863	917241	925936	930258	926992	906379	0	950023	998147	999202	1903783	2470351	2591187	2975100	974708	897024	866460	0	967832	0	0	0	0	0	0	0	0	0	0	0	0	0	0
30	478228	526932	510341	475863	691738	678070	883848	0	906180	910583	916508	921040	917230	901124	0	941583	979065	988124	1880515	2459790	2606938	2982157	966772	894775	893979	0	952214	0	0	0	0	0	0	0	0	0	0	0	0	0	0
31	486811	529140	507890	0	688739	683750	692035	0	704136	709425	712947	720563	716080	701415	0	723727	796677	977505	1857567	2445979	2568882	2971486	729468	699298	693942	478236	729068	0	0	0	0	0	0	0	0	0	0	0	0	0	0
32	497120	531714	511269	475317	692032	674035	693585	418265	704315	706623	711136	714267	713723	702384	0	719018	794700	976751	1844774	2434483	2443814	2962219	722237	697713	695684	489023	720065	0	0	0	0	0	0	0	0	0	0	0	0	0	0
33	500281	539041	514500	0	698003	665991	698861	0	706979	708536	710901	713619	712560	704406	0	715455	799745	976051	1841432	2442326	2674560	2963330	718396	703186	700159	498455	717288	0	0	0	0	0	0	0	0	0	0	0	0	0	0
34	501246	536797	499486	469209	704020	651373	704170	0	706401	706895	707430	708508	707565	705766	0	708932	794461	971811	1822312	2428278	2453066	2952513	709546	705368	704701	505523	709298	0	0	0	0	0	0	0	0	0	0	0	0	0	0
35	496096	522407	496871	0	708133	636190	710612	0	721127	722570	724357	746239	725694	717580	0	758648	792442	975432	1803226	2406646	2550248	2934285	780125	714337	711886	495688	765952	0	0	0	0	0	0	0	0	0	0	0	0	0	0
36	484162	503915	493332	0	709492	622004	709881	0	716357	717822	719232	743330	723348	715754	0	747266	787662	975974	1784463	2383665	2473255	2909882	774708	714160	712536	480227	765447	0	0	0	0	0	0	0	0	0	0	0	0	0	0
37	482232	481891	489824	0	715999	613952	772147	0	776896	777435	778736	781975	780274	775407	0	782692	785934	981742	1769096	2365498	2585231	2898378	785556	773825	773072	0	783542	507408	0	0	0	0	0	0	0	0	0	0	0	0	0
38	476022	459242	487994	0	716002	606107	761766	0	767570	769655	771365	775290	774268	767111	0	777372	781468	984887	1750363	2347814	2355381	2880793	779772	764849	763110	475630	778855	589844	0	0	0	0	0	0	0	0	0	0	0	0	0
39	478511	447191	486935	0	719123	601030	747138	0	790415	803367	829513	976982	830614	777586	0	977224	980597	981180	1743688	2343737	2554943	2870839	979932	771537	753826	475524	978857	627446	0	0	0	0	0	0	0	0	0	0	0	0	0
40	478396	0	482452	0	716927	595457	734903	0	748680	754098	756822	762681	760221	745205	0	767254	777780	978573	1741102	2335381	2498685	2857076	777614	742015	735357	475631	772064	667579	0	0	0	0	0	0	0	0	0	0	0	0	0
41	479767	0	480158	0	712120	591768	725880	0	792227	815551	695105	926709	817959	776622	0	933699	967016	975525	1727177	2326531	2581238	2843916	962500	762003	738814	479665	949062	915688	0	0	0	0	0	0	0	0	0	0	0	0	0
42	478753	0	476465	0	707413	588225	715717	0	787605	802779	692117	958223	811484	754265	0	961393	967472	969002	1709017	2312483	2568971	2829262	965175	751290	730491	484109	963954	956849	0	0	0	0	0	0	0	0	0	0	0	0	0
43	477780	0	474276	0	697747	587384	703422	0	768884	790366	689100	979192	799496	753138	0	1087178	1462974	1571979	1689895	2303725	2555472	2818046	1290582	736379	714311	485840	1248559	1004503	0	0	0	0	0	0	0	0	0	0	0	0	0
44	481145	0	469347	0	690618	588422	693471	0	778597	787612	683543	962579	805122	758025	0	963889	965938	966115	1686657	2305114	2529356	2819138	965036	716489	699647	496037	964181	962740	0	0	0	0	0	0	0	0	0	0	0	0	0
45	480734	0	0	0	678973	585330	680775	0	754221	773421	670694	938989	795702	468618	0	939176	939504	939621	1663533	2279839	2489963	2784794	939437	723689	692760	503798	939348	939079	732974	0	0	0	0	0	0	0	0	0	0	0	0
46	470887	0	462928	412862	674231	588456	681392	0	798038	745952	654717	926085	809679	0	0	929103	937227	938602	1670795	2302631	2530115	2825638	935069	708526	694857	518641	932325	927539	771972	0	0	0	0	0	0	0	0	0	0	0	0
47	470588	0	452279	0	653587	582740	691049	0	795035	741601	643759	894409	814864	0	0	779953	916377	920633	1662208	2299581	2413763	2831255	914491	720735	692888	525994	905133	896271	899879	0	0	0	0	0	0	0	0	0	0	0	0
48	471770	0	453632	0	645520	579674	694762	0	788117	741831	632624	874688	811456	0	0	766027	911635	918835	1647330	2292766	2301789	2835670	903910	737940	715428	528799	898393	883170	887946	0	0	0	0	0	0	0	0	0	0	0	0
49	0	0	454105	402867	648218	581446	696149	0	807188	747756	633734	875534	811719	0	0	769832	913058	921451	1651991	2294578	2456511	2837941	906268	728729	714765	527698	898268	881780	888862	0	0	0	0	0	0	0	0	0	0	0	0
50	0	0	459425	0	630340	579863	631596	0	641876	638048	613988	645845	644133	0	0	640175	797059	918096	1642836	2294757	2527139	2853143	648271	635250	633947	524618	649079	647837	657039	0	0	0	0	0	0	0	0	0	0	0	0
51	0	0	462083	397724	625571	580255	698753	0	780413	744115	593172	794285	791429	0	0	761716	802911	915163	1637250	2285832	2434551	2864769	797934	719382	700908	523741	801365	796151	901963	0	0	0	0	0	0	0	0	0	0	0	0
52	0	0	465406	0	625674	580616	699476	0	793324	744287	593283	794494	793693	0	0	768913	803004	915074	1640836	2285392	2460714	2866648	798957	733928	700436	522056	801279	798155	901944	0	0	0	0	0	0	0	0	0	0	0	0
53	0	0	449267	397197	615463	577174	698774	0	773589	734981	578874	779228	777694	0	0	755026	805528	909451	1616582	2269977	2342270	2870603	793901	725660	714388	517862	801306	788766	1016870	0	0	0	0	0	0	0	0	0	0	0	0
54	0	0	451620	0	621495	579784	699176	0	778203	735753	588177	788519	781643	0	0	754515	813684	917517	1626800	2276258	1028407	2884913	805476	731486	705735	518726	809830	792305	2517431	0	0	0	0	0	0	0	0	0	0	0	0
55	0	0	449552	0	618322	576484	687737	0	769093	727661	580846	805337	772200	0	0	739285	806670	902524	1603940	2237983	1007249	2843632	805344	716667	690774	512280	805379	805340	2348784	0	0	0	0	0	0	0	0	0	0	0	0
56	0	0	447812	0	619509	576885	682958	0	762929	729582	580527	795648	765847	0	0	734935	806819	906069	1594331	2228235	985145	2840030	797871	700227	698214	509739	800851	797202	2467542	0	0	0	0	0	0	0	0	0	0	0	0
57	0	0	453491	400959	619515	576996	678132	0	762135	715240	582860	789655	765821	0	0	737532	805856	907335	1592796	2233494	966426	2836440	789769	700764	694883	504428	791662	789768	2404729	0	0	0	0	0	0	0	0	0	0	0	0
58	0	0	450905	399941	620134	573111	671409	0	764958	717911	582971	780690	765733	0	0	741266	804859	904905	1583984	2237245	946012	2831763	783389	690956	676036	501225	788074	783108	2442287	0	0	0	0	0	0	0	0	0	0	0	0
59	0	0	450055	401817	618807	568692	662670	0	761184	706975	582236	770907	764804	0	0	727708	799236	903073	1571900	2244002	927695	2831955	773713	698317	678730	500096	777119	772556	2284310	0	0	0	0	0	0	0	0	0	0	0	0
60	0	0	460999	400647	620346	565930	648826	0	757856	693739	580879	758771	766142	0	0	735195	796460	902329	1559249	2255679	919862	2827560	770516	681275	653876	499501	777190	769550	2371153	0	0	0	0	0	0	0	0	0	0	0	0
61	0	0	461555	398166	621583	563879	636126	0	728944	694765	573808	749512	766666	0	0	722872	799957	905670	1548808	2277025	908795	2838815	767209	667139	646622	501120	776031	767207	2414938	451627	0	0	0	0	0	0	0	0	0	0	0
62	0	0	460255	0	620719	559486	627282	0	727063	672713	569753	738133	763569	0	0	697542	800113	903001	1538989	2286063	897673	2843439	766295	666619	643415	501742	777011	766118	2552676	547285	0	0	0	0	0	0	0	0	0	0	0
63	0	0	453216	0	611692	554603	613593	0	706674	678152	564327	721774	747024	0	0	687977	796122	896486	1514915	1538143	896099	2825258	747134	637918	621962	501536	747503	747103	1545579	588397	0	0	0	0	0	0	0	0	0	0	0
64	0	0	448456	380440	564847	553523	603709	0	712600	571755	552513	712115	732346	0	0	712304	795329	892525	1497464	1564886	885867	2817974	743523	705949	705277	502672	749947	743091	1585163	742169	0	0	0	0	0	0	0	0	0	0	0
65	0	0	446418	0	573333	546972	590639	0	595999	593485	540324	571598	597623	0	0	594535	794282	875207	1483238	1590076	878768	2814573	600003	592712	590644	501363	610335	599958	1628114	598167	0	0	0	0	0	0	0	0	0	0	0
66	0	0	0	0	597098	537707	575759	0	689056	611126	528348	591004	707214	0	0	658927	785821	864883	1457029	1616069	860830	2745589	761159	650965	621033	0	768898	743528	1661195	709389	677421	554867	0	0	0	0	0	0	0	0	0
67	0	0	429489	0	589842	531960	562845	0	590165	516326	515347	554113	590257	0	0	590034	781455	860021	1439540	1556104	860058	2729934	590468	589933	589890	486802	600948	590407	1611302	590365	590139	544701	0	0	0	0	0	0	0	0	0
68	0	0	0	0	581756	526302	554227	0	583243	506550	502810	541220	583502	0	0	582680	780534	858092	1428250	1539410	855186	2718459	584465	582303	542159	0	589758	584032	1576746	584447	583075	582046	0	0	0	0	0	0	0	0	0
69	0	0	422469	0	548240	519627	542999	0	570773	495979	492092	546126	568678	0	0	556106	780119	855565	579219	1536743	857318	2701252	582426	576007	560613	465398	651757	574659	1558830	1448798	569465	565042	0	0	0	0	0	0	0	0	0
70	0	0	0	0	569442	512316	533323	0	577512	492321	481165	514659	515403	0	0	0	772769	852313	613676	2192542	852899	2694644	579840	1757261	570390	516625	698347	577110	2372787	622895	652776	572289	0	0	0	0	0	0	0	0	0
71	0	0	0	0	565207	509066	526566	0	608680	466328	463806	512603	572611	0	0	0	773599	850576	690793	2176769	862550	2683520	576581	712237	514245	515677	754583	659151	2242545	1833253	743652	574097	0	0	0	0	0	0	0	0	0
72	0	0	0	0	559435	503564	517109	0	589693	469108	455001	506124	565776	0	0	0	767707	845238	679577	2167812	860505	2661996	568186	760955	506999	507612	774777	650258	2179319	1965944	808842	566446	0	0	0	0	0	0	0	0	0
73	0	0	0	0	567071	507237	510503	0	709079	471259	451291	507364	643550	0	0	0	781156	856034	740160	2179662	878956	2694417	686137	762375	507426	507530	808353	644269	2185488	2091935	894213	720401	0	0	0	0	0	0	0	0	0
74	0	0	0	0	561769	420777	502579	0	685371	420898	0	431612	433123	0	0	0	779768	853101	720927	2180300	884076	2683655	663695	757681	630272	428902	814471	646980	2430966	2238416	978685	733299	433448	0	0	0	0	0	0	0	0
75	0	0	0	0	563142	442287	496999	0	679802	439923	438303	447591	449155	0	0	0	777425	849842	705518	2182036	895733	2701908	665800	734281	619932	0	812521	643143	2436450	2370421	1365620	760614	450986	0	0	0	0	0	0	0	0
76	0	0	432356	0	563794	444342	488782	0	666621	440014	0	451411	463137	0	0	0	768889	847925	701093	2167523	876670	2664841	636860	741606	606508	0	792965	623662	2484972	2476286	1458994	758010	468544	0	0	0	0	0	0	0	0
77	0	0	436162	0	566287	464119	483100	0	667082	445777	0	464708	477883	0	0	0	762637	853909	705179	2146493	868272	2668812	650015	731622	596422	0	797277	598424	2585720	2582910	1545549	756054	485212	445639	0	0	0	0	0	0	0
78	0	0	0	0	568943	474342	475282	0	650927	473513	0	474645	475090	0	0	0	753257	865913	686386	726794	864052	2685309	621637	705890	589232	0	765612	606405	2685855	2686509	1650899	2175082	503127	473487	0	0	0	0	0	0	0
79	0	0	446189	0	570350	520749	555594	0	656955	0	0	545302	546858	0	0	0	743524	877012	673600	740088	857784	2697805	620579	699347	588008	0	773005	597491	2711940	2772104	1745618	2258506	547424	498187	0	0	0	0	0	0	0
80	0	0	448270	0	572835	523346	566491	0	689814	0	0	544749	562568	0	0	0	725885	894407	696752	724348	855038	2683421	673931	703970	563203	0	785664	664604	2724457	2887600	1828725	2348984	563279	657906	422472	0	0	0	0	0	0
81	0	0	448574	0	574508	523816	557332	0	701277	0	0	549634	551720	0	0	0	720552	914061	707713	716859	851777	2557255	699297	714078	553502	0	771814	693405	2742713	2938741	1889747	2425937	553580	691179	0	0	0	0	0	0	0
82	0	0	0	0	576734	527233	566730	0	1083792	0	0	552290	543079	0	0	0	1753583	1953749	1085894	1667508	1924324	2451839	1083782	1655450	555501	0	1838874	1083772	2671152	3084096	1996410	2301492	558523	732233	462224	0	0	0	0	0	0
83	0	0	436351	0	571530	523133	564427	0	1061295	0	0	550367	530360	0	0	0	1965598	2041851	1067095	1952582	2004301	2311727	1059239	1585771	555283	0	1977137	1058747	2540066	3175639	2044085	2246286	557808	760601	480088	0	0	0	0	0	0
84	0	0	438265	0	578918	526894	565298	0	1046751	0	0	554250	519576	0	0	0	1975417	2124014	1055507	1929870	2077899	2237119	1045302	1587935	561904	0	2031819	1044090	2667562	3315139	2153050	2221019	562275	834382	507092	0	0	0	0	0	0
85	0	0	0	0	584794	532334	560424	0	1031277	0	0	554767	511556	0	0	0	1966739	2203673	1043310	1907386	2103104	2789111	1024206	1573443	556302	0	2008528	1021483	2811131	3419238	2222344	2782021	557123	871331	532384	0	0	0	0	0	0
86	0	0	0	0	587245	532942	556597	0	1016727	0	0	542303	0	0	0	0	1949304	2216532	1039950	1891163	2198107	2892978	1002672	1554773	549999	0	2053953	1000632	2909636	3514399	2303749	2892369	545716	896142	552547	548092	0	0	0	0	0
87	0	0	0	0	590739	535567	574195	0	993801	0	0	554879	0	0	0	0	1965830	2360332	1055431	1893451	2264385	3014084	988332	1573200	562320	0	2116966	984489	3224333	3603417	2401162	3007375	542457	919779	569661	563840	0	0	0	0	0
88	0	0	0	0	589837	533795	585934	0	1009940	0	0	550824	0	0	0	0	1977616	2414518	1073025	1872336	2211203	3126450	984179	1558805	579464	0	2098479	966309	3170610	3689186	2486223	3105605	538306	938975	585654	582708	507113	0	0	0	0
89	0	0	0	0	593532	533887	562518	0	1010514	0	0	549088	0	0	0	0	1911319	2550620	1095563	1864188	2237280	3239496	987524	1557897	561641	0	2076416	951086	3462180	3795831	2568262	3210827	566325	965211	601180	565035	0	0	0	0	0
90	0	0	0	0	593474	533413	0	0	1028113	0	0	541660	0	0	0	0	1936451	2500027	1112316	1856737	2275667	3342760	1005448	1550799	543004	0	2220467	941869	3407176	3892032	2653707	3317136	566328	997335	598999	558520	547572	0	0	0	0
91	0	0	0	0	590935	530786	0	0	1049740	531632	0	533312	0	0	0	0	1983508	2625813	1105109	1856173	2325284	3370628	1041227	1536369	0	0	2241237	929170	3381941	3777302	2714698	3366182	539493	1033303	618085	538914	537059	0	0	0	0
92	0	0	0	0	593905	533950	0	0	1071109	531873	0	531707	0	0	0	0	1907849	2617589	1102347	3430169	2465751	1829188	1063492	1580184	0	0	2224537	922999	3547941	3776015	2757701	3398744	543631	1061370	641892	541859	540405	0	0	0	0
93	0	0	0	0	589125	534716	0	0	1089162	526315	0	522913	0	0	0	0	1915287	2599278	1090585	3416592	2332669	1802433	1089068	1564929	0	0	2120568	907122	3500136	3759227	2770663	3408086	543454	1089028	667888	543221	543153	0	0	0	0
94	0	0	0	0	584829	531806	0	0	1089926	519455	0	516078	0	0	0	0	2011763	2718411	1082714	3327791	2522282	1767070	1084842	1546540	0	0	2067829	895787	3406458	3725244	2781124	3327106	540867	1113858	692076	538302	538255	0	0	0	0
95	0	0	0	0	574326	524221	0	0	1073288	507405	0	502579	0	0	0	0	1921649	2654945	1061151	3214735	2435438	1716421	1064071	1495172	0	0	2210928	881774	3410037	3637940	2721585	3197219	530763	1087667	708919	527545	526367	0	0	0	0
96	0	0	0	0	566479	520987	0	0	1048999	503588	0	494599	0	0	0	0	1796917	2634351	1041927	3180984	2239238	1645016	1042971	1446144	480213	0	2015483	867114	3239524	3617989	2685898	3130724	526529	1064368	722017	526420	525904	0	0	0	0
97	0	0	0	0	560186	518428	522269	0	1027936	520178	0	0	0	0	0	0	1758172	2529430	1018733	3124570	2315795	1600779	1023141	1403032	0	0	2035144	854025	3149199	3597283	2658144	3107574	526500	1053846	734388	525441	524204	0	0	0	0
98	0	0	0	0	741974	516848	742959	0	1002242	517458	0	475320	0	0	0	0	1767355	2576060	994102	3140067	2312302	1559762	994645	1364914	0	0	2058049	841280	3255439	3568883	2636224	3089885	524699	1043518	746303	741285	654258	509627	0	0	0
99	0	0	0	0	728471	0	736080	0	990584	526224	0	0	0	0	0	0	1617024	2366155	967644	3089249	2156629	1517844	969328	1322207	0	0	1839085	825282	3105581	3538716	2624697	3073837	525567	1035171	751089	728466	672939	528177	0	0	0
100	0	0	0	0	540814	0	728980	0	954838	531725	0	0	0	0	0	0	1607236	2390285	949637	3099501	2266108	1482550	951100	1294373	0	0	1872088	816916	3322865	3560618	2633766	3086787	529250	1043834	757253	720820	691519	721943	0	0	0
101	0	0	0	0	534427	0	728969	0	958007	533582	0	0	0	0	0	0	1554479	2532254	931287	3120487	2093903	1454282	937010	1266394	0	0	2010267	808316	3165191	3560716	2643463	3103253	533515	1051625	763610	723867	710102	725512	0	0	0
102	0	0	0	0	0	0	755923	0	924084	535741	0	0	0	0	0	0	1501450	2538338	912549	3160321	2288118	1419522	756248	1235403	0	0	2019199	797990	3282574	3558139	2631705	3103962	533938	1054417	755844	727375	722138	538100	913673	0	0
103	0	0	0	0	524212	0	742786	0	954296	527662	0	0	0	0	0	0	1679239	2358966	893782	3124066	2321804	1394352	524459	1216040	0	0	1837958	790348	3158581	3579279	2640368	3123802	737407	1066612	749189	736881	737015	537448	918095	0	0
104	0	0	0	0	514339	0	613712	0	940889	520462	0	0	0	0	0	0	1566155	2435217	879053	3118063	2205079	1346959	0	1185895	0	0	1898746	770251	3193520	3562058	2626778	3110047	539023	1069423	735307	537564	535825	532657	889489	0	0
105	0	0	0	0	512346	0	565544	0	927310	513619	0	0	0	0	0	0	1495427	2371692	878543	3193375	2122921	1327026	0	1186936	0	0	1666069	546615	3342850	3608387	2669565	3156625	547353	1087804	733485	786379	545685	542034	901821	0	0
106	0	0	0	0	511311	0	582048	0	1098458	528852	0	0	0	0	0	0	1132548	2557051	873696	3250627	2047052	1288789	0	1191394	0	0	1714321	549936	3317929	3637013	2715807	3202515	550697	1095736	730351	812748	549836	548880	1459579	0	0
107	0	0	0	0	509041	0	598648	0	901649	520899	0	0	0	0	0	0	874929	2596196	870080	3254131	1346962	1288117	0	1189587	0	0	1973116	558654	3307293	3659256	2748587	3234949	553168	1098303	722913	840887	557452	558913	2170566	0	0
108	0	0	0	0	505882	0	579977	0	966266	515241	0	0	0	0	0	0	912312	2132284	883664	3277421	1394915	1280467	0	1198368	0	0	1949143	561308	3300010	3679632	2772152	3259342	556083	1100548	717951	870181	563474	569033	2672817	0	0
109	0	0	0	0	504234	0	613956	0	963203	525523	0	0	0	0	0	0	910531	2271421	888574	3337029	1284230	1278957	0	1202623	0	0	1683526	571002	3414000	3712770	2800685	3299757	555700	1104866	711793	863378	574335	581277	2556549	0	0
110	0	0	0	0	0	0	648359	0	935781	505547	0	0	0	0	0	0	909165	2071944	886811	3345439	1478967	1272243	0	1203114	0	0	1863387	580381	3396030	3700611	2798481	3300737	548882	1106159	710480	860137	582894	588249	2758426	504439	0
111	0	0	0	0	0	0	622460	0	939111	513149	0	0	0	0	0	0	896840	1241789	885660	3330532	1214850	1204997	0	1196676	0	0	1224715	584832	3384304	3693954	2805778	3299617	538430	1112971	717313	820050	586450	595526	1243227	507507	0
112	0	0	0	0	0	0	625682	0	900853	519940	0	0	0	0	0	0	892908	1267229	886607	3317603	1263511	1263469	0	1206516	0	0	1263802	562288	3328250	3712865	2835617	3314211	531826	1123950	737767	832147	590683	610185	1315654	516206	0
113	0	0	0	0	0	0	675544	0	907466	526116	0	0	0	0	0	0	892625	1318226	891502	3352629	1268620	1266066	0	1224413	0	0	1280453	567759	3463061	3751865	2867879	3350159	529243	1142995	767258	832984	606136	619069	1379093	525572	0
114	0	0	0	0	0	0	666243	0	1012277	529701	0	0	0	0	0	0	948439	1313902	889581	3369941	1248054	1240565	0	1233600	0	0	1277127	583117	3413363	3755089	2879042	3369023	521711	1161195	788131	861399	588622	621568	1433696	538809	0
115	0	0	0	0	0	0	652823	0	971990	533102	0	0	0	0	0	0	916569	1235203	876290	3356155	1231384	1189220	0	1230675	0	0	1232158	590411	3418783	3731394	2860783	3347704	0	1166338	797719	873367	598063	621086	1471166	548946	522234
116	0	0	0	0	509997	0	634163	0	990300	0	0	0	0	0	0	0	890543	1252442	865089	3328693	1229025	1157267	0	1228960	0	0	1233576	605803	3421316	3707790	2844023	3325007	0	1171081	803978	860575	618134	624747	1506339	554910	537423
117	0	0	0	0	0	0	714589	0	878069	0	0	0	0	0	0	0	862302	1372523	855337	3348799	1240857	1135431	0	1228440	0	0	1284288	594665	3418741	3696064	2845036	3315868	0	1177201	811208	847985	614763	633554	1546959	558271	550277
118	0	0	0	0	518997	0	698246	0	885113	0	0	0	0	0	0	0	871429	1261389	647003	3335040	1239216	1122522	0	1239086	0	0	1244817	640957	3374599	3704120	2847562	3313733	0	1194220	817139	839732	861560	647630	1626434	564628	566248
119	0	0	0	0	517867	0	652976	0	889633	0	0	0	0	0	0	0	881832	1341479	651840	3336032	1243730	1101076	0	1239931	0	0	1258551	639975	3447440	3687056	2812494	3255587	499463	1206194	815922	863708	874656	652581	1688541	561587	579191
120	0	0	0	0	516222	0	818398	0	849996	0	0	0	0	0	0	0	900549	1300041	764263	3317667	1252423	1088448	0	1250104	0	0	1255930	640298	3433680	3689110	2794826	3224181	0	1229189	814400	834588	891182	661967	1755030	564879	592281
121	0	0	0	0	515404	0	731804	0	517741	0	0	0	0	0	0	0	912539	1524267	663379	3180555	1255529	1079998	0	1254684	0	0	1349761	635391	3181758	3690422	2756296	3180520	0	1235341	812526	909136	909194	666215	1821239	566654	605051
