,大江大河2定档1220,人类一败涂地进不去,毛衣如何穿出时髦感,四川最硬气耙耳朵,狗子从鳄鱼嘴里逃脱被收编成警犬,有翡原音,金在中身材,名侦探学院,英国议员夺走女王权杖抗议,戚薇雾莲仙女裙,黄多多短发,微博之夜投票,黄子韬怒斥偷拍者,上万只乌鸦遮天蔽日侵袭加拿大,义乌市图书馆停用制热空调,安徽一批国产鸡腿外包装核酸阳性,BLACKPINK演唱会延期,一只小动物从嫦五返回器前跑过,巴西将使用中国新冠疫苗,追光吧哥哥不做成团出道,广东药科大学失联男生已离世,39岁全智贤状态,王自健前妻发文,劳斯莱斯回应拼多多122万元补贴,川航确诊飞行员在江油密接均为阴性,狗仔镜头下的关晓彤,小黑瓶开启圣诞季,幻书启世录书化人形,邓超对孙俪的字佩服得五体投地,一加七周年,汽车红人创造营,心愿2010vs2020,超级亲子节,星战中国话,微博之夜,百县千红新农人,杨幂的宝藏,重庆又一冻库牛肉外包装核酸呈阳性,李嘉欣,YSL夜皇后精华,欧豪两副面孔,教育视频星计划,皆大欢洗告别2020,Jinjiao加入SN,男子扯掉并脚踢国旗被依法行拘,国博首部解谜书,奇葩说前传之千人奇葩捞,用心只做一件事,美爆了的圣诞礼物,义乌限电晚上关闭所有路灯,松鼠的起床气有多大,还以为进了青青草原,周冬雨冷艳红唇大片,日本出售3D仿真人脸面具,王一博有翡老年妆,蔡琳高梓淇离婚,从嫦五返回器前跑过的是兔子,月球上的土有啥用,听起来像日文名的中文名,中国盲盒出口增速超400%,CPA,王祖蓝二胎得女,微信被上海消保委点名
0,284372.0,292498.0,296153.0,339852.0,341957.0,376859.0,413733.0,413808.0,413970.0,414122.0,414282.0,414317.0,450717.0,453852.0,484978.0,587115.0,612459.0,637499.0,638889.0,643573.0,981377.0,1154960.0,1189772.0,1259746.0,1561890.0,3602648.0,0.0,0.0,0.0,0.0,0.0,0.0,0.0,0.0,0.0,0.0,0.0,0.0,0.0,0.0,0.0,0.0,0.0,0.0,0.0,0.0,0.0,0.0,0.0,0.0,0.0,0.0,0.0,0.0,0.0,0.0,0.0,0.0,0.0,0.0,0.0,0.0,0.0
1,0.0,0.0,296153.0,339852.0,341957.0,376859.0,413733.0,413808.0,413970.0,414122.0,414282.0,414317.0,450717.0,453852.0,484978.0,587115.0,612459.0,637499.0,638889.0,643573.0,981377.0,1154960.0,1189772.0,1259746.0,1561890.0,3602648.0,1182462.0,1380604.0,0.0,0.0,0.0,0.0,0.0,0.0,0.0,0.0,0.0,0.0,0.0,0.0,0.0,0.0,0.0,0.0,0.0,0.0,0.0,0.0,0.0,0.0,0.0,0.0,0.0,0.0,0.0,0.0,0.0,0.0,0.0,0.0,0.0,0.0,0.0
2,0.0,288813.0,293361.0,337278.0,339222.0,371049.0,412613.0,421130.0,424363.0,430364.0,435681.0,440347.0,444228.0,449331.0,470754.0,574845.0,606561.0,629485.0,629769.0,635422.0,973439.0,1144533.0,1167721.0,1347831.0,1552495.0,3596420.0,0.0,0.0,319912.0,0.0,0.0,0.0,0.0,0.0,0.0,0.0,0.0,0.0,0.0,0.0,0.0,0.0,0.0,0.0,0.0,0.0,0.0,0.0,0.0,0.0,0.0,0.0,0.0,0.0,0.0,0.0,0.0,0.0,0.0,0.0,0.0,0.0,0.0
3,0.0,0.0,0.0,337744.0,338928.0,365659.0,413010.0,422669.0,425457.0,429249.0,434846.0,437855.0,441685.0,444060.0,464334.0,569396.0,623615.0,627500.0,628964.0,636384.0,967313.0,1136339.0,1156113.0,1448874.0,1553214.0,3625842.0,0.0,0.0,390229.0,1494784.0,1148995.0,0.0,0.0,0.0,0.0,0.0,0.0,0.0,0.0,0.0,0.0,0.0,0.0,0.0,0.0,0.0,0.0,0.0,0.0,0.0,0.0,0.0,0.0,0.0,0.0,0.0,0.0,0.0,0.0,0.0,0.0,0.0,0.0
4,0.0,0.0,0.0,333807.0,336555.0,359734.0,408795.0,419759.0,420655.0,427397.0,428696.0,423597.0,432271.0,430440.0,455110.0,557977.0,603690.0,617595.0,620306.0,624668.0,946608.0,1113060.0,1107779.0,1377960.0,1530454.0,3610133.0,0.0,0.0,455031.0,0.0,0.0,1387110.0,1109364.0,0.0,0.0,0.0,0.0,0.0,0.0,0.0,0.0,0.0,0.0,0.0,0.0,0.0,0.0,0.0,0.0,0.0,0.0,0.0,0.0,0.0,0.0,0.0,0.0,0.0,0.0,0.0,0.0,0.0,0.0
5,0.0,0.0,287403.0,334140.0,338404.0,355661.0,410602.0,422645.0,427408.0,427775.0,427814.0,409103.0,429677.0,428897.0,448138.0,557243.0,587435.0,617204.0,618292.0,620445.0,943456.0,1103040.0,1099843.0,1500372.0,1533556.0,3639693.0,0.0,0.0,556457.0,0.0,0.0,0.0,0.0,1507673.0,0.0,0.0,0.0,0.0,0.0,0.0,0.0,0.0,0.0,0.0,0.0,0.0,0.0,0.0,0.0,0.0,0.0,0.0,0.0,0.0,0.0,0.0,0.0,0.0,0.0,0.0,0.0,0.0,0.0
6,0.0,0.0,0.0,330350.0,334346.0,350303.0,402511.0,419058.0,420537.0,420613.0,421047.0,406483.0,423844.0,421975.0,437920.0,543124.0,571044.0,609113.0,609649.0,611895.0,924925.0,1083740.0,1060582.0,1342726.0,1510255.0,3624133.0,0.0,0.0,608073.0,0.0,0.0,0.0,0.0,0.0,1073783.0,1392985.0,0.0,0.0,0.0,0.0,0.0,0.0,0.0,0.0,0.0,0.0,0.0,0.0,0.0,0.0,0.0,0.0,0.0,0.0,0.0,0.0,0.0,0.0,0.0,0.0,0.0,0.0,0.0
7,0.0,0.0,287318.0,330640.0,334364.0,349192.0,404693.0,407610.0,410767.0,415068.0,418492.0,405736.0,421197.0,419253.0,430319.0,538718.0,560752.0,606128.0,606135.0,608466.0,914038.0,1079339.0,1038766.0,1407896.0,1501733.0,3656308.0,0.0,0.0,603949.0,0.0,0.0,0.0,0.0,1428541.0,0.0,0.0,0.0,0.0,0.0,0.0,0.0,0.0,0.0,0.0,0.0,0.0,0.0,0.0,0.0,0.0,0.0,0.0,0.0,0.0,0.0,0.0,0.0,0.0,0.0,0.0,0.0,0.0,0.0
8,0.0,0.0,287217.0,327984.0,332063.0,347619.0,402772.0,402907.0,406312.0,408984.0,410222.0,401048.0,411947.0,415115.0,418891.0,529236.0,545514.0,599643.0,600134.0,601286.0,892352.0,1067033.0,1010519.0,1350169.0,1474736.0,3643023.0,0.0,0.0,595088.0,0.0,0.0,0.0,0.0,0.0,0.0,0.0,1416190.0,0.0,0.0,0.0,0.0,0.0,0.0,0.0,0.0,0.0,0.0,0.0,0.0,0.0,0.0,0.0,0.0,0.0,0.0,0.0,0.0,0.0,0.0,0.0,0.0,0.0,0.0
9,0.0,0.0,289973.0,327171.0,332717.0,347725.0,404503.0,405253.0,406851.0,408769.0,410195.0,400681.0,410884.0,416272.0,412488.0,523635.0,535174.0,598379.0,594583.0,592187.0,880375.0,1069141.0,993348.0,1268034.0,1458808.0,3679163.0,0.0,0.0,579807.0,0.0,0.0,0.0,0.0,0.0,0.0,0.0,1369145.0,0.0,0.0,0.0,0.0,0.0,0.0,0.0,0.0,0.0,0.0,0.0,0.0,0.0,0.0,0.0,0.0,0.0,0.0,0.0,0.0,0.0,0.0,0.0,0.0,0.0,0.0
10,0.0,0.0,288933.0,324403.0,326545.0,344720.0,401293.0,402178.0,403675.0,403982.0,405287.0,392228.0,409096.0,407696.0,406441.0,516680.0,522176.0,585141.0,589846.0,595103.0,863461.0,1058795.0,569656.0,1366221.0,1433023.0,3680824.0,0.0,0.0,1036800.0,0.0,0.0,0.0,0.0,0.0,0.0,0.0,0.0,285012.0,0.0,0.0,0.0,0.0,0.0,0.0,0.0,0.0,0.0,0.0,0.0,0.0,0.0,0.0,0.0,0.0,0.0,0.0,0.0,0.0,0.0,0.0,0.0,0.0,0.0
11,0.0,0.0,0.0,323806.0,324130.0,340522.0,389814.0,392450.0,394386.0,397005.0,398164.0,389221.0,406882.0,402338.0,399234.0,509866.0,511334.0,585811.0,586112.0,591828.0,853501.0,1054243.0,561014.0,1402917.0,1421094.0,3701721.0,0.0,0.0,1122232.0,0.0,0.0,0.0,0.0,0.0,0.0,0.0,1412551.0,294705.0,0.0,0.0,0.0,0.0,0.0,0.0,0.0,0.0,0.0,0.0,0.0,0.0,0.0,0.0,0.0,0.0,0.0,0.0,0.0,0.0,0.0,0.0,0.0,0.0,0.0
12,0.0,0.0,0.0,321971.0,322186.0,341071.0,387147.0,389183.0,389768.0,391997.0,393411.0,386847.0,407002.0,402719.0,393520.0,505114.0,500669.0,589406.0,587966.0,587434.0,842138.0,1048987.0,555844.0,1355352.0,1414141.0,3714259.0,0.0,0.0,1218008.0,0.0,0.0,0.0,0.0,0.0,1145329.0,1372989.0,0.0,0.0,0.0,0.0,0.0,0.0,0.0,0.0,0.0,0.0,0.0,0.0,0.0,0.0,0.0,0.0,0.0,0.0,0.0,0.0,0.0,0.0,0.0,0.0,0.0,0.0,0.0
13,0.0,0.0,0.0,319347.0,319049.0,338985.0,383314.0,383519.0,383987.0,384312.0,384624.0,383143.0,404113.0,398254.0,384935.0,498818.0,489042.0,587484.0,587930.0,593462.0,831209.0,1042982.0,572933.0,2044584.0,2461983.0,3706235.0,0.0,0.0,1684635.0,2228240.0,1453640.0,0.0,0.0,0.0,0.0,0.0,0.0,0.0,0.0,0.0,0.0,0.0,0.0,0.0,0.0,0.0,0.0,0.0,0.0,0.0,0.0,0.0,0.0,0.0,0.0,0.0,0.0,0.0,0.0,0.0,0.0,0.0,0.0
14,0.0,0.0,0.0,322373.0,0.0,340396.0,360770.0,355079.0,369276.0,381019.0,381436.0,381503.0,407492.0,401218.0,379881.0,499349.0,491265.0,588480.0,589640.0,597863.0,839423.0,1048341.0,575242.0,2014100.0,2043750.0,3758562.0,0.0,0.0,1812065.0,0.0,0.0,0.0,0.0,2020623.0,0.0,0.0,0.0,324558.0,338420.0,0.0,0.0,0.0,0.0,0.0,0.0,0.0,0.0,0.0,0.0,0.0,0.0,0.0,0.0,0.0,0.0,0.0,0.0,0.0,0.0,0.0,0.0,0.0,0.0
15,0.0,0.0,0.0,319952.0,0.0,339789.0,385981.0,391053.0,386609.0,391314.0,391498.0,391652.0,402394.0,397895.0,373855.0,491430.0,484099.0,587928.0,583478.0,582380.0,829992.0,1041006.0,580655.0,1934690.0,2502129.0,3739136.0,0.0,0.0,1892715.0,0.0,0.0,0.0,0.0,0.0,0.0,0.0,2235433.0,319310.0,381078.0,0.0,0.0,0.0,0.0,0.0,0.0,0.0,0.0,0.0,0.0,0.0,0.0,0.0,0.0,0.0,0.0,0.0,0.0,0.0,0.0,0.0,0.0,0.0,0.0
16,0.0,0.0,0.0,0.0,0.0,340460.0,375627.0,377162.0,374161.0,381159.0,381710.0,377380.0,405323.0,399482.0,372702.0,489927.0,479922.0,592969.0,593365.0,593775.0,839443.0,1047646.0,556789.0,1948667.0,2618942.0,3778850.0,0.0,0.0,2005268.0,0.0,0.0,0.0,0.0,0.0,0.0,0.0,0.0,383486.0,373350.0,2078909.0,1453106.0,0.0,0.0,0.0,0.0,0.0,0.0,0.0,0.0,0.0,0.0,0.0,0.0,0.0,0.0,0.0,0.0,0.0,0.0,0.0,0.0,0.0,0.0
17,0.0,0.0,0.0,0.0,0.0,336709.0,372219.0,389202.0,378176.0,391718.0,393235.0,393356.0,402109.0,397644.0,359519.0,485409.0,472591.0,585703.0,587355.0,591250.0,842446.0,1039808.0,536100.0,1937480.0,2268179.0,3757079.0,0.0,0.0,2081740.0,2163774.0,1614319.0,0.0,0.0,0.0,0.0,0.0,0.0,362341.0,334463.0,0.0,0.0,0.0,0.0,0.0,0.0,0.0,0.0,0.0,0.0,0.0,0.0,0.0,0.0,0.0,0.0,0.0,0.0,0.0,0.0,0.0,0.0,0.0,0.0
18,0.0,0.0,0.0,326184.0,0.0,334773.0,371715.0,377162.0,376644.0,377180.0,377349.0,377524.0,402299.0,403965.0,360718.0,488148.0,466178.0,590217.0,590469.0,591380.0,849825.0,1034389.0,552616.0,1965294.0,2193071.0,3758017.0,0.0,0.0,2164914.0,0.0,0.0,0.0,0.0,0.0,0.0,0.0,0.0,356928.0,0.0,0.0,0.0,1704641.0,2189693.0,0.0,0.0,0.0,0.0,0.0,0.0,0.0,0.0,0.0,0.0,0.0,0.0,0.0,0.0,0.0,0.0,0.0,0.0,0.0,0.0
19,0.0,0.0,0.0,324903.0,0.0,331190.0,368911.0,372907.0,370201.0,375078.0,376286.0,376963.0,398069.0,401606.0,349495.0,490305.0,458179.0,588869.0,578327.0,576083.0,850536.0,1017012.0,539127.0,1958373.0,2473722.0,3720077.0,0.0,0.0,2203231.0,0.0,0.0,0.0,0.0,0.0,0.0,0.0,2346592.0,363705.0,0.0,0.0,0.0,0.0,0.0,325714.0,0.0,0.0,0.0,0.0,0.0,0.0,0.0,0.0,0.0,0.0,0.0,0.0,0.0,0.0,0.0,0.0,0.0,0.0,0.0
20,0.0,0.0,0.0,329099.0,0.0,332043.0,372518.0,374481.0,367822.0,374637.0,375484.0,375516.0,400806.0,400958.0,342067.0,494888.0,452958.0,585212.0,578772.0,575875.0,859203.0,1014822.0,575304.0,1988313.0,2650657.0,3735503.0,1783880.0,2415963.0,2259500.0,0.0,0.0,0.0,0.0,0.0,0.0,0.0,0.0,373761.0,0.0,0.0,0.0,0.0,0.0,0.0,0.0,0.0,0.0,0.0,0.0,0.0,0.0,0.0,0.0,0.0,0.0,0.0,0.0,0.0,0.0,0.0,0.0,0.0,0.0
21,0.0,0.0,0.0,330931.0,0.0,325777.0,367525.0,371834.0,362477.0,385229.0,385331.0,380836.0,398713.0,403600.0,333833.0,494165.0,446908.0,583853.0,574594.0,572866.0,864743.0,1008207.0,546154.0,1996521.0,2676387.0,3726563.0,0.0,0.0,2298459.0,0.0,0.0,0.0,0.0,0.0,0.0,0.0,2498761.0,385651.0,0.0,0.0,0.0,0.0,0.0,320125.0,0.0,0.0,0.0,0.0,0.0,0.0,0.0,0.0,0.0,0.0,0.0,0.0,0.0,0.0,0.0,0.0,0.0,0.0,0.0
22,0.0,0.0,0.0,333202.0,0.0,323372.0,375604.0,387483.0,358155.0,388839.0,391513.0,385203.0,396473.0,407550.0,325195.0,491924.0,441969.0,589128.0,580585.0,572609.0,869579.0,1004499.0,559753.0,2036612.0,2970053.0,3728159.0,0.0,0.0,2340319.0,0.0,0.0,2378104.0,1314133.0,0.0,0.0,0.0,0.0,399054.0,0.0,0.0,0.0,0.0,0.0,0.0,0.0,0.0,0.0,0.0,0.0,0.0,0.0,0.0,0.0,0.0,0.0,0.0,0.0,0.0,0.0,0.0,0.0,0.0,0.0
23,0.0,0.0,0.0,333258.0,0.0,322261.0,371770.0,390395.0,350485.0,390763.0,390904.0,389441.0,392330.0,408876.0,0.0,483109.0,435457.0,592685.0,575601.0,567445.0,864857.0,997430.0,543419.0,2071218.0,2455242.0,3718991.0,1845723.0,2390726.0,2347715.0,0.0,0.0,0.0,0.0,0.0,0.0,0.0,0.0,412383.0,0.0,0.0,0.0,0.0,0.0,0.0,326222.0,0.0,0.0,0.0,0.0,0.0,0.0,0.0,0.0,0.0,0.0,0.0,0.0,0.0,0.0,0.0,0.0,0.0,0.0
24,0.0,0.0,0.0,333033.0,0.0,320300.0,389091.0,390655.0,342238.0,390821.0,391227.0,392279.0,389100.0,410592.0,0.0,471964.0,430690.0,595544.0,570941.0,565144.0,862087.0,995522.0,544617.0,2096440.0,2369165.0,3702093.0,0.0,0.0,2296804.0,0.0,0.0,0.0,0.0,0.0,0.0,0.0,2335156.0,428056.0,0.0,0.0,0.0,0.0,0.0,318333.0,335324.0,0.0,0.0,0.0,0.0,0.0,0.0,0.0,0.0,0.0,0.0,0.0,0.0,0.0,0.0,0.0,0.0,0.0,0.0
25,0.0,0.0,0.0,331868.0,0.0,0.0,385795.0,387431.0,332498.0,388903.0,389753.0,391873.0,382532.0,410289.0,0.0,455874.0,425136.0,592753.0,563652.0,559511.0,851198.0,989400.0,510837.0,2106647.0,2501565.0,3677919.0,0.0,0.0,2251052.0,0.0,0.0,0.0,0.0,0.0,0.0,0.0,0.0,421866.0,0.0,0.0,0.0,0.0,0.0,317269.0,347551.0,2398855.0,1827336.0,0.0,0.0,0.0,0.0,0.0,0.0,0.0,0.0,0.0,0.0,0.0,0.0,0.0,0.0,0.0,0.0
26,0.0,0.0,0.0,327536.0,0.0,0.0,376487.0,381554.0,322301.0,385197.0,389886.0,390192.0,376533.0,407192.0,0.0,415459.0,419853.0,592712.0,558109.0,551108.0,840575.0,979817.0,544400.0,2112197.0,2675375.0,3650053.0,0.0,0.0,2228979.0,0.0,0.0,0.0,0.0,0.0,0.0,0.0,0.0,475824.0,0.0,0.0,0.0,0.0,0.0,319097.0,353537.0,0.0,0.0,1840426.0,2456641.0,0.0,0.0,0.0,0.0,0.0,0.0,0.0,0.0,0.0,0.0,0.0,0.0,0.0,0.0
27,0.0,0.0,0.0,328765.0,0.0,0.0,377890.0,382711.0,317156.0,386117.0,389552.0,391036.0,372839.0,403661.0,0.0,411718.0,418557.0,594350.0,558942.0,548812.0,834923.0,983054.0,540795.0,2135546.0,2635882.0,3653837.0,0.0,0.0,2248413.0,0.0,0.0,0.0,0.0,0.0,0.0,0.0,0.0,499789.0,0.0,0.0,0.0,0.0,0.0,328470.0,366892.0,2477020.0,1847423.0,0.0,0.0,0.0,0.0,0.0,0.0,0.0,0.0,0.0,0.0,0.0,0.0,0.0,0.0,0.0,0.0
28,0.0,0.0,0.0,327457.0,0.0,0.0,376648.0,380572.0,0.0,384468.0,388187.0,393296.0,368147.0,403739.0,0.0,413511.0,415951.0,595652.0,547164.0,544645.0,831337.0,984182.0,533237.0,2150317.0,2438176.0,3654030.0,0.0,0.0,2258159.0,0.0,0.0,0.0,0.0,0.0,0.0,0.0,0.0,515672.0,0.0,2279762.0,1508943.0,0.0,0.0,334545.0,375267.0,0.0,0.0,0.0,0.0,331671.0,0.0,0.0,0.0,0.0,0.0,0.0,0.0,0.0,0.0,0.0,0.0,0.0,0.0
29,0.0,0.0,0.0,323810.0,0.0,0.0,376223.0,387655.0,0.0,387836.0,389396.0,392138.0,361120.0,403779.0,0.0,411082.0,413643.0,597831.0,557463.0,538749.0,824952.0,987676.0,537827.0,2177277.0,2562038.0,3651416.0,0.0,0.0,2264178.0,2395237.0,1749021.0,0.0,0.0,0.0,0.0,0.0,0.0,534326.0,0.0,0.0,0.0,0.0,0.0,344535.0,386208.0,0.0,0.0,0.0,0.0,358113.0,0.0,0.0,0.0,0.0,0.0,0.0,0.0,0.0,0.0,0.0,0.0,0.0,0.0
30,0.0,0.0,0.0,321177.0,0.0,0.0,377060.0,393126.0,0.0,394055.0,394508.0,385564.0,352082.0,395713.0,0.0,403228.0,411112.0,586122.0,544127.0,531488.0,816988.0,972063.0,505958.0,2184860.0,2345498.0,3621748.0,0.0,0.0,2249960.0,0.0,0.0,2255693.0,1335903.0,0.0,0.0,0.0,0.0,460827.0,0.0,0.0,0.0,0.0,0.0,349192.0,396570.0,0.0,0.0,0.0,0.0,389466.0,0.0,0.0,0.0,0.0,0.0,0.0,0.0,0.0,0.0,0.0,0.0,0.0,0.0
31,0.0,0.0,0.0,321431.0,0.0,296855.0,376615.0,392162.0,0.0,395193.0,395439.0,382016.0,346028.0,393393.0,0.0,395628.0,403853.0,591684.0,535378.0,526183.0,809873.0,972239.0,494673.0,2199760.0,2601113.0,3625045.0,0.0,0.0,2260802.0,0.0,0.0,0.0,0.0,2335671.0,0.0,0.0,0.0,470017.0,0.0,0.0,0.0,0.0,0.0,353280.0,407493.0,0.0,0.0,0.0,0.0,413034.0,0.0,0.0,0.0,0.0,0.0,0.0,0.0,0.0,0.0,0.0,0.0,0.0,0.0
32,0.0,0.0,0.0,322710.0,0.0,294829.0,376481.0,389616.0,285479.0,389838.0,389908.0,378290.0,337939.0,390104.0,0.0,387846.0,406553.0,584414.0,527478.0,526197.0,806408.0,970046.0,513897.0,2209083.0,2519016.0,3606117.0,0.0,0.0,2265421.0,0.0,0.0,0.0,0.0,0.0,0.0,0.0,0.0,483084.0,0.0,0.0,0.0,0.0,0.0,354423.0,419368.0,0.0,0.0,0.0,0.0,424658.0,0.0,0.0,0.0,0.0,0.0,0.0,0.0,0.0,0.0,0.0,0.0,0.0,0.0
33,0.0,0.0,0.0,323993.0,0.0,293744.0,376991.0,381903.0,281378.0,382171.0,383894.0,374418.0,332152.0,385534.0,0.0,380238.0,404811.0,581875.0,530216.0,527068.0,807682.0,969945.0,487735.0,2230455.0,2637051.0,3613804.0,0.0,0.0,2276682.0,0.0,0.0,0.0,0.0,0.0,0.0,0.0,0.0,479330.0,0.0,0.0,0.0,0.0,0.0,358691.0,436045.0,0.0,0.0,0.0,0.0,436291.0,0.0,0.0,0.0,0.0,0.0,0.0,0.0,0.0,0.0,0.0,0.0,0.0,0.0
34,0.0,0.0,0.0,324903.0,0.0,0.0,374461.0,375520.0,0.0,376286.0,377502.0,370978.0,325983.0,378199.0,0.0,372442.0,399492.0,586031.0,526430.0,522759.0,802929.0,964754.0,516404.0,2242340.0,2854355.0,3598113.0,0.0,0.0,2297510.0,0.0,0.0,0.0,0.0,0.0,0.0,0.0,0.0,516380.0,0.0,0.0,0.0,1884616.0,2787534.0,361912.0,450489.0,0.0,0.0,0.0,0.0,449216.0,0.0,0.0,0.0,0.0,0.0,0.0,0.0,0.0,0.0,0.0,0.0,0.0,0.0
35,0.0,0.0,0.0,328985.0,0.0,0.0,373884.0,384742.0,0.0,385530.0,385943.0,372621.0,0.0,386451.0,0.0,365774.0,399293.0,588168.0,557153.0,526230.0,809476.0,971957.0,518836.0,2278856.0,2555892.0,3612198.0,0.0,0.0,2339444.0,0.0,0.0,0.0,0.0,0.0,1716890.0,2404379.0,0.0,515852.0,0.0,0.0,0.0,0.0,0.0,368557.0,465047.0,0.0,0.0,0.0,0.0,464775.0,326293.0,0.0,0.0,0.0,0.0,0.0,0.0,0.0,0.0,0.0,0.0,0.0,0.0
36,0.0,0.0,0.0,329981.0,0.0,0.0,367009.0,370239.0,319920.0,370355.0,371032.0,369656.0,0.0,371688.0,0.0,358578.0,395480.0,585847.0,536250.0,529952.0,807472.0,970438.0,514905.0,2275172.0,2852015.0,3607853.0,0.0,0.0,2360302.0,0.0,0.0,0.0,0.0,0.0,0.0,0.0,0.0,509422.0,0.0,0.0,0.0,0.0,0.0,367933.0,478556.0,0.0,0.0,0.0,0.0,475068.0,338744.0,332197.0,0.0,0.0,0.0,0.0,0.0,0.0,0.0,0.0,0.0,0.0,0.0
37,0.0,0.0,0.0,0.0,0.0,0.0,365027.0,367577.0,0.0,367966.0,369451.0,364388.0,0.0,370150.0,0.0,349861.0,391158.0,585060.0,556733.0,530741.0,804572.0,969492.0,522281.0,2266453.0,2452500.0,3596678.0,0.0,0.0,2380569.0,0.0,0.0,0.0,0.0,0.0,1708760.0,2402149.0,0.0,522006.0,0.0,0.0,0.0,0.0,0.0,363538.0,489237.0,0.0,0.0,0.0,0.0,479500.0,348761.0,332597.0,0.0,0.0,0.0,0.0,0.0,0.0,0.0,0.0,0.0,0.0,0.0
38,0.0,0.0,0.0,0.0,0.0,0.0,358848.0,361725.0,0.0,362605.0,364211.0,356875.0,0.0,365067.0,0.0,340825.0,383738.0,582255.0,538464.0,526005.0,792544.0,955898.0,514990.0,2227957.0,2907187.0,3542090.0,0.0,0.0,2366813.0,2604578.0,1770016.0,0.0,0.0,0.0,0.0,0.0,0.0,506934.0,0.0,0.0,0.0,0.0,0.0,354950.0,496009.0,0.0,0.0,0.0,0.0,479152.0,355572.0,332436.0,0.0,0.0,0.0,0.0,0.0,0.0,0.0,0.0,0.0,0.0,0.0
39,0.0,0.0,0.0,325501.0,0.0,0.0,356544.0,372060.0,307617.0,373509.0,373540.0,354381.0,0.0,373894.0,0.0,333531.0,379521.0,580115.0,541190.0,521523.0,790348.0,954377.0,514805.0,2233880.0,2852859.0,3541507.0,0.0,0.0,2381636.0,0.0,0.0,0.0,0.0,0.0,0.0,0.0,0.0,512561.0,0.0,0.0,0.0,0.0,0.0,351456.0,507716.0,0.0,0.0,0.0,0.0,482628.0,362351.0,329966.0,0.0,0.0,0.0,0.0,0.0,0.0,0.0,0.0,0.0,0.0,0.0
40,0.0,0.0,0.0,0.0,0.0,0.0,354430.0,368915.0,0.0,371316.0,371424.0,348003.0,0.0,372130.0,0.0,347544.0,375295.0,576422.0,528299.0,523565.0,792431.0,946330.0,523004.0,2238899.0,2607797.0,3534324.0,0.0,0.0,2395575.0,0.0,0.0,0.0,0.0,0.0,0.0,0.0,0.0,522496.0,0.0,2421042.0,1527987.0,0.0,0.0,347451.0,520972.0,0.0,0.0,0.0,0.0,477856.0,370480.0,360402.0,0.0,0.0,0.0,0.0,0.0,0.0,0.0,0.0,0.0,0.0,0.0
41,0.0,0.0,0.0,0.0,0.0,0.0,350630.0,362675.0,0.0,395332.0,404803.0,347204.0,0.0,434939.0,0.0,342251.0,447037.0,570205.0,539741.0,519506.0,786257.0,939102.0,528472.0,2218273.0,2922941.0,3495741.0,0.0,0.0,2383714.0,0.0,0.0,2416068.0,1322854.0,0.0,0.0,0.0,0.0,524276.0,0.0,0.0,0.0,0.0,0.0,0.0,529628.0,0.0,0.0,0.0,0.0,467824.0,377256.0,376267.0,341122.0,0.0,0.0,0.0,0.0,0.0,0.0,0.0,0.0,0.0,0.0
42,0.0,0.0,0.0,0.0,0.0,0.0,349208.0,359576.0,0.0,399314.0,420182.0,348234.0,0.0,432720.0,0.0,348641.0,454285.0,562644.0,550007.0,520892.0,787119.0,939223.0,541699.0,2223147.0,2508401.0,3497218.0,0.0,0.0,2384764.0,0.0,0.0,0.0,0.0,0.0,0.0,0.0,0.0,532797.0,0.0,0.0,0.0,0.0,0.0,338997.0,543419.0,0.0,0.0,0.0,0.0,468221.0,390676.0,390813.0,360130.0,328174.0,0.0,0.0,0.0,0.0,0.0,0.0,0.0,0.0,0.0
43,0.0,0.0,0.0,0.0,0.0,0.0,348596.0,356393.0,0.0,409961.0,425594.0,350425.0,0.0,445451.0,0.0,349417.0,456175.0,563935.0,554075.0,522928.0,787125.0,941459.0,546737.0,2224726.0,2550133.0,3482859.0,0.0,0.0,2394447.0,0.0,0.0,0.0,0.0,0.0,0.0,0.0,0.0,542953.0,0.0,0.0,0.0,0.0,0.0,337113.0,547201.0,0.0,0.0,0.0,0.0,472877.0,404780.0,397394.0,381548.0,324863.0,0.0,0.0,0.0,0.0,0.0,0.0,0.0,0.0,0.0
44,0.0,0.0,0.0,0.0,0.0,0.0,348955.0,351436.0,0.0,354583.0,355025.0,352459.0,0.0,355538.0,0.0,349346.0,359946.0,561372.0,554312.0,514495.0,780019.0,938657.0,552540.0,2197669.0,2624242.0,3457201.0,0.0,0.0,2393822.0,0.0,0.0,0.0,0.0,0.0,1656294.0,2462948.0,0.0,549977.0,0.0,0.0,0.0,0.0,0.0,0.0,553732.0,0.0,0.0,0.0,0.0,477321.0,353422.0,352967.0,354209.0,0.0,0.0,0.0,0.0,0.0,0.0,0.0,0.0,0.0,0.0
45,0.0,0.0,0.0,0.0,0.0,0.0,346185.0,344335.0,0.0,351755.0,352134.0,352168.0,0.0,350633.0,0.0,344503.0,354617.0,557704.0,557264.0,504048.0,768618.0,927739.0,555620.0,2148969.0,2584517.0,3406494.0,0.0,0.0,2371904.0,0.0,0.0,0.0,0.0,0.0,0.0,0.0,0.0,544414.0,0.0,2397418.0,1477293.0,0.0,0.0,0.0,556885.0,0.0,0.0,0.0,0.0,480687.0,351032.0,350648.0,351427.0,0.0,0.0,0.0,0.0,0.0,0.0,0.0,0.0,0.0,0.0
46,0.0,0.0,0.0,0.0,0.0,0.0,344310.0,343029.0,0.0,356869.0,358122.0,358299.0,0.0,353181.0,0.0,343149.0,358808.0,564022.0,564332.0,500349.0,777152.0,940869.0,561123.0,2144016.0,2440300.0,3426555.0,0.0,0.0,2413164.0,0.0,0.0,0.0,0.0,0.0,0.0,0.0,0.0,554996.0,0.0,0.0,0.0,0.0,0.0,0.0,582574.0,0.0,0.0,1855261.0,2427004.0,498487.0,355152.0,353983.0,355659.0,0.0,0.0,0.0,0.0,0.0,0.0,0.0,0.0,0.0,0.0
47,0.0,0.0,0.0,0.0,0.0,0.0,341498.0,337209.0,0.0,357430.0,358625.0,367458.0,0.0,352838.0,0.0,341762.0,358821.0,560469.0,579183.0,494604.0,775777.0,942460.0,539500.0,2117882.0,2658073.0,3410245.0,0.0,0.0,2416549.0,0.0,0.0,0.0,0.0,0.0,0.0,0.0,0.0,535550.0,0.0,0.0,0.0,0.0,0.0,342658.0,598562.0,0.0,0.0,0.0,0.0,510980.0,354680.0,353660.0,356024.0,315462.0,0.0,0.0,0.0,0.0,0.0,0.0,0.0,0.0,0.0
48,0.0,0.0,0.0,0.0,0.0,0.0,341150.0,331358.0,0.0,357351.0,359218.0,378033.0,0.0,352054.0,0.0,341201.0,359642.0,561769.0,590167.0,489901.0,779563.0,945259.0,546286.0,2098303.0,2574691.0,3415713.0,0.0,0.0,2435319.0,0.0,0.0,0.0,0.0,0.0,0.0,0.0,2509187.0,543039.0,0.0,0.0,0.0,0.0,0.0,342487.0,619027.0,0.0,0.0,0.0,0.0,521720.0,354465.0,352905.0,355147.0,0.0,0.0,0.0,0.0,0.0,0.0,0.0,0.0,0.0,0.0
49,0.0,0.0,0.0,0.0,0.0,0.0,338657.0,0.0,0.0,351973.0,356499.0,388450.0,0.0,345758.0,0.0,337729.0,357315.0,551462.0,555584.0,477600.0,777451.0,943825.0,550023.0,2060833.0,2579649.0,3399379.0,1826262.0,2493134.0,2435456.0,0.0,0.0,0.0,0.0,0.0,0.0,0.0,0.0,546656.0,0.0,0.0,0.0,0.0,0.0,337424.0,636458.0,0.0,0.0,0.0,0.0,543214.0,349760.0,347623.0,353576.0,0.0,0.0,0.0,0.0,0.0,0.0,0.0,0.0,0.0,0.0
50,0.0,0.0,0.0,0.0,0.0,0.0,334819.0,0.0,0.0,343844.0,352014.0,387403.0,0.0,334872.0,0.0,333529.0,355725.0,547082.0,562565.0,470033.0,772607.0,930139.0,549491.0,2019335.0,2796955.0,3380945.0,0.0,0.0,2429415.0,0.0,0.0,0.0,0.0,0.0,0.0,0.0,0.0,549325.0,0.0,0.0,0.0,0.0,0.0,333012.0,654808.0,0.0,0.0,1757928.0,2616861.0,550178.0,339495.0,336460.0,350501.0,0.0,0.0,0.0,0.0,0.0,0.0,0.0,0.0,0.0,0.0
51,0.0,0.0,0.0,0.0,0.0,0.0,333389.0,0.0,0.0,345273.0,352433.0,391827.0,0.0,327277.0,0.0,327810.0,356731.0,544820.0,595933.0,465480.0,772169.0,932225.0,553859.0,1989407.0,2863257.0,3386106.0,0.0,0.0,2435121.0,0.0,0.0,0.0,0.0,0.0,0.0,0.0,0.0,551020.0,0.0,0.0,0.0,0.0,0.0,329525.0,670513.0,2687722.0,1725112.0,0.0,0.0,556516.0,341811.0,337165.0,350132.0,0.0,0.0,0.0,0.0,0.0,0.0,0.0,0.0,0.0,0.0
52,0.0,0.0,0.0,0.0,0.0,0.0,329713.0,0.0,0.0,340839.0,351912.0,394298.0,0.0,316255.0,0.0,317220.0,356883.0,538779.0,680002.0,455965.0,768611.0,930742.0,677764.0,1955661.0,2426727.0,3368679.0,0.0,0.0,2422000.0,0.0,0.0,2422284.0,1238218.0,0.0,0.0,0.0,0.0,570162.0,0.0,0.0,0.0,0.0,0.0,322794.0,684668.0,0.0,0.0,0.0,0.0,678591.0,335557.0,332480.0,349883.0,0.0,0.0,0.0,0.0,0.0,0.0,0.0,0.0,0.0,0.0
53,0.0,0.0,0.0,312897.0,0.0,0.0,323786.0,304420.0,0.0,339260.0,349898.0,397279.0,0.0,0.0,0.0,312714.0,353587.0,517760.0,687096.0,449216.0,772121.0,934481.0,684966.0,1913405.0,2794613.0,3368322.0,0.0,0.0,2441426.0,0.0,0.0,0.0,0.0,2519128.0,0.0,0.0,0.0,571605.0,0.0,0.0,0.0,0.0,0.0,312629.0,704739.0,0.0,0.0,0.0,0.0,685956.0,335078.0,327136.0,346030.0,0.0,0.0,0.0,0.0,0.0,0.0,0.0,0.0,0.0,0.0
54,0.0,0.0,0.0,314104.0,0.0,0.0,325919.0,303470.0,0.0,333658.0,347126.0,402567.0,0.0,0.0,0.0,311242.0,351949.0,507091.0,696076.0,453301.0,779312.0,943751.0,691524.0,1926789.0,2533515.0,3380833.0,0.0,0.0,2454791.0,0.0,0.0,0.0,0.0,0.0,0.0,0.0,2496515.0,576944.0,0.0,0.0,0.0,0.0,0.0,309766.0,719053.0,0.0,0.0,0.0,0.0,692358.0,339042.0,326855.0,343849.0,0.0,0.0,0.0,0.0,0.0,0.0,0.0,0.0,0.0,0.0
55,0.0,0.0,0.0,313554.0,0.0,0.0,322399.0,0.0,0.0,333013.0,345024.0,403982.0,0.0,0.0,0.0,316171.0,345902.0,495782.0,679155.0,448766.0,770483.0,933737.0,658441.0,1909142.0,2692795.0,3337879.0,0.0,0.0,2408288.0,0.0,0.0,0.0,0.0,0.0,0.0,0.0,0.0,570113.0,0.0,0.0,0.0,0.0,0.0,0.0,703186.0,0.0,0.0,1675045.0,2553387.0,668066.0,337738.0,327610.0,340347.0,0.0,324291.0,0.0,0.0,0.0,0.0,0.0,0.0,0.0,0.0
56,0.0,0.0,0.0,314217.0,0.0,0.0,324565.0,0.0,0.0,333924.0,341175.0,407894.0,0.0,0.0,0.0,318122.0,344162.0,490593.0,660553.0,444897.0,767218.0,931735.0,656372.0,1907434.0,2703335.0,3322247.0,1702538.0,2507247.0,2376521.0,0.0,0.0,0.0,0.0,0.0,0.0,0.0,0.0,569411.0,0.0,0.0,0.0,0.0,0.0,0.0,683045.0,0.0,0.0,0.0,0.0,657743.0,335462.0,330335.0,338246.0,0.0,326168.0,0.0,0.0,0.0,0.0,0.0,0.0,0.0,0.0
57,0.0,0.0,0.0,314115.0,0.0,0.0,324524.0,0.0,0.0,332172.0,342832.0,407560.0,0.0,0.0,0.0,315125.0,344120.0,491704.0,658454.0,445365.0,767267.0,931329.0,656691.0,1906387.0,2650127.0,3321982.0,0.0,0.0,2375665.0,0.0,0.0,0.0,0.0,0.0,0.0,0.0,0.0,569463.0,0.0,0.0,0.0,0.0,0.0,0.0,683565.0,2537598.0,1662623.0,0.0,0.0,656981.0,337481.0,329144.0,338919.0,0.0,325050.0,0.0,0.0,0.0,0.0,0.0,0.0,0.0,0.0
58,0.0,0.0,0.0,0.0,0.0,0.0,327043.0,0.0,0.0,370854.0,394775.0,401194.0,0.0,0.0,0.0,331344.0,344648.0,472952.0,606326.0,438516.0,769831.0,932878.0,575311.0,1920525.0,2693992.0,3302792.0,0.0,0.0,2314807.0,0.0,0.0,0.0,0.0,0.0,0.0,0.0,0.0,565882.0,0.0,2360310.0,1377320.0,0.0,0.0,0.0,642724.0,0.0,0.0,0.0,0.0,577698.0,378799.0,348589.0,385422.0,0.0,362393.0,411413.0,0.0,0.0,0.0,0.0,0.0,0.0,0.0
59,0.0,0.0,0.0,0.0,0.0,0.0,326156.0,0.0,0.0,353312.0,387057.0,395700.0,0.0,0.0,0.0,334761.0,343609.0,467157.0,592803.0,439175.0,766790.0,920147.0,583479.0,1920434.0,2307037.0,3288348.0,0.0,0.0,2271440.0,0.0,0.0,2273576.0,1220234.0,0.0,0.0,0.0,0.0,549087.0,0.0,0.0,0.0,0.0,0.0,0.0,617810.0,0.0,0.0,0.0,0.0,592632.0,363366.0,344201.0,385534.0,0.0,377756.0,438955.0,0.0,0.0,0.0,0.0,0.0,0.0,0.0
60,0.0,0.0,0.0,305821.0,0.0,0.0,324595.0,0.0,0.0,355231.0,391084.0,391991.0,0.0,0.0,0.0,326072.0,339930.0,461577.0,600679.0,438971.0,766743.0,921742.0,577419.0,1917706.0,2250112.0,3263572.0,0.0,0.0,2241816.0,0.0,0.0,0.0,0.0,0.0,0.0,0.0,2246213.0,535094.0,0.0,0.0,0.0,0.0,0.0,0.0,595232.0,0.0,0.0,0.0,0.0,609510.0,364808.0,347883.0,380724.0,0.0,366146.0,499575.0,0.0,0.0,0.0,0.0,0.0,0.0,0.0
61,0.0,0.0,0.0,0.0,0.0,0.0,323950.0,0.0,0.0,354749.0,389779.0,391329.0,0.0,0.0,0.0,326992.0,337494.0,446434.0,596997.0,439592.0,769699.0,926152.0,572153.0,1931224.0,2703878.0,3260398.0,0.0,0.0,2221152.0,0.0,0.0,0.0,0.0,0.0,0.0,0.0,0.0,526334.0,0.0,0.0,0.0,0.0,0.0,0.0,587754.0,2505961.0,1679956.0,0.0,0.0,633913.0,359904.0,343095.0,373340.0,0.0,373947.0,553709.0,0.0,0.0,0.0,0.0,0.0,0.0,0.0
62,0.0,0.0,0.0,305537.0,0.0,0.0,323114.0,0.0,0.0,348134.0,385984.0,390984.0,0.0,0.0,0.0,324522.0,335114.0,441635.0,604567.0,437408.0,767029.0,926847.0,578370.0,1929067.0,2659834.0,3241266.0,0.0,0.0,2180724.0,0.0,0.0,0.0,0.0,2286129.0,0.0,0.0,0.0,514453.0,0.0,0.0,0.0,0.0,0.0,0.0,583967.0,0.0,0.0,0.0,0.0,647303.0,357151.0,342764.0,369953.0,0.0,380452.0,576626.0,0.0,0.0,0.0,0.0,0.0,0.0,0.0
63,0.0,0.0,0.0,0.0,0.0,0.0,318183.0,0.0,0.0,331821.0,384041.0,388551.0,0.0,0.0,0.0,321666.0,329050.0,436798.0,618948.0,429144.0,759775.0,919579.0,537910.0,1904653.0,2190909.0,3211037.0,0.0,0.0,2130378.0,2157012.0,1550027.0,0.0,0.0,0.0,0.0,0.0,0.0,501490.0,0.0,0.0,0.0,0.0,0.0,0.0,579924.0,0.0,0.0,0.0,0.0,661403.0,353625.0,345706.0,362323.0,0.0,371564.0,547497.0,0.0,0.0,0.0,0.0,0.0,0.0,0.0
64,0.0,0.0,0.0,0.0,0.0,0.0,313912.0,0.0,0.0,333925.0,377425.0,386007.0,0.0,0.0,0.0,315687.0,325082.0,431221.0,619720.0,425306.0,759779.0,570349.0,557321.0,1889718.0,2318438.0,3205207.0,0.0,0.0,2088749.0,0.0,0.0,0.0,0.0,0.0,0.0,0.0,0.0,493207.0,0.0,2116312.0,1423184.0,0.0,0.0,0.0,576626.0,0.0,0.0,0.0,0.0,668743.0,353469.0,342712.0,364897.0,0.0,372424.0,1041473.0,0.0,0.0,0.0,0.0,0.0,0.0,0.0
65,0.0,0.0,0.0,302151.0,0.0,0.0,304389.0,0.0,0.0,319903.0,383109.0,386102.0,0.0,0.0,0.0,306195.0,318984.0,426110.0,574241.0,423388.0,755667.0,554685.0,530531.0,1860404.0,2217054.0,3175803.0,0.0,0.0,2052282.0,0.0,0.0,0.0,0.0,0.0,0.0,0.0,0.0,486212.0,0.0,0.0,0.0,0.0,0.0,0.0,567441.0,0.0,0.0,0.0,0.0,673229.0,349671.0,339359.0,353345.0,0.0,366597.0,1217987.0,274839.0,0.0,0.0,0.0,0.0,0.0,0.0
66,0.0,0.0,0.0,303007.0,0.0,0.0,0.0,0.0,0.0,318182.0,383894.0,387617.0,0.0,0.0,0.0,307083.0,315096.0,423964.0,566100.0,424444.0,757355.0,543226.0,533611.0,1850591.0,2501771.0,3179835.0,0.0,0.0,2042515.0,2244588.0,1693513.0,0.0,0.0,0.0,0.0,0.0,0.0,480971.0,0.0,0.0,0.0,0.0,0.0,0.0,564827.0,0.0,0.0,0.0,0.0,666464.0,344224.0,334472.0,353136.0,0.0,367689.0,1414263.0,0.0,0.0,0.0,0.0,0.0,0.0,0.0
67,0.0,0.0,0.0,301573.0,0.0,0.0,0.0,0.0,0.0,311470.0,384351.0,388715.0,0.0,0.0,0.0,302470.0,308033.0,418249.0,562372.0,423440.0,750323.0,531477.0,525907.0,1831357.0,2396407.0,3165260.0,0.0,0.0,2018379.0,2184712.0,1756301.0,0.0,0.0,0.0,0.0,0.0,0.0,473276.0,0.0,0.0,0.0,0.0,0.0,0.0,558717.0,0.0,0.0,0.0,0.0,651699.0,340438.0,321966.0,353941.0,0.0,362525.0,1622867.0,0.0,0.0,0.0,0.0,0.0,0.0,0.0
68,0.0,0.0,0.0,296396.0,0.0,0.0,299192.0,0.0,0.0,305488.0,384792.0,388691.0,0.0,0.0,0.0,299397.0,300165.0,417126.0,588651.0,414982.0,742352.0,546570.0,519735.0,1794965.0,2107446.0,3130149.0,0.0,0.0,1991059.0,0.0,0.0,0.0,0.0,0.0,0.0,0.0,2052745.0,466876.0,0.0,0.0,0.0,0.0,0.0,0.0,553886.0,0.0,0.0,0.0,0.0,634657.0,340188.0,316488.0,354486.0,0.0,365400.0,1825520.0,0.0,0.0,0.0,0.0,0.0,0.0,0.0
69,0.0,0.0,0.0,299950.0,0.0,0.0,300810.0,0.0,0.0,309091.0,376067.0,385344.0,0.0,0.0,0.0,300259.0,295345.0,408480.0,553912.0,414648.0,740462.0,533236.0,509518.0,1776630.0,2529423.0,3131288.0,0.0,0.0,1971642.0,0.0,0.0,0.0,0.0,0.0,0.0,0.0,2313918.0,462176.0,0.0,0.0,0.0,0.0,0.0,0.0,548512.0,0.0,0.0,0.0,0.0,620845.0,336871.0,323573.0,350801.0,0.0,362426.0,2070900.0,0.0,0.0,0.0,0.0,0.0,0.0,0.0
70,0.0,0.0,0.0,302998.0,0.0,0.0,302585.0,0.0,0.0,311042.0,375759.0,388164.0,0.0,0.0,0.0,302684.0,0.0,409038.0,550977.0,414753.0,736904.0,535326.0,521983.0,1753808.0,2581133.0,3132035.0,0.0,0.0,1953444.0,0.0,0.0,0.0,0.0,0.0,0.0,0.0,0.0,459154.0,0.0,0.0,0.0,0.0,0.0,0.0,546117.0,2458693.0,1903535.0,0.0,0.0,607305.0,339921.0,323306.0,350892.0,0.0,360562.0,2282498.0,0.0,0.0,0.0,0.0,0.0,0.0,0.0
71,0.0,0.0,0.0,302494.0,0.0,0.0,302870.0,0.0,0.0,314749.0,377613.0,388107.0,0.0,0.0,0.0,302616.0,0.0,397341.0,542508.0,413201.0,723911.0,535478.0,531175.0,1707108.0,2494291.0,3107998.0,0.0,0.0,1912069.0,0.0,0.0,0.0,0.0,0.0,0.0,0.0,0.0,454474.0,0.0,0.0,0.0,1854680.0,2491774.0,0.0,539032.0,0.0,0.0,0.0,0.0,587788.0,333696.0,319980.0,355501.0,0.0,365793.0,2473316.0,0.0,0.0,0.0,0.0,0.0,0.0,0.0
72,0.0,0.0,0.0,302922.0,0.0,0.0,304740.0,0.0,0.0,311923.0,378814.0,390285.0,0.0,0.0,0.0,303380.0,0.0,401967.0,540348.0,413309.0,718055.0,530330.0,511673.0,1677894.0,2879344.0,3092209.0,0.0,0.0,1880346.0,0.0,0.0,0.0,0.0,0.0,1793292.0,2745749.0,0.0,455014.0,0.0,0.0,0.0,0.0,0.0,0.0,536590.0,0.0,0.0,0.0,0.0,577563.0,335949.0,320350.0,353592.0,0.0,373625.0,2688494.0,0.0,0.0,0.0,0.0,0.0,0.0,0.0
73,0.0,0.0,0.0,302312.0,0.0,0.0,306161.0,0.0,0.0,319275.0,390815.0,393753.0,0.0,0.0,0.0,302961.0,0.0,395144.0,542341.0,415390.0,711647.0,516799.0,496448.0,1653379.0,2931385.0,3096640.0,0.0,0.0,1867787.0,0.0,0.0,0.0,0.0,0.0,0.0,0.0,0.0,458458.0,0.0,0.0,0.0,1807753.0,2925517.0,0.0,540533.0,0.0,0.0,0.0,0.0,565838.0,356853.0,327736.0,338841.0,0.0,372534.0,2882483.0,0.0,0.0,0.0,0.0,0.0,0.0,0.0
74,0.0,0.0,0.0,303940.0,0.0,0.0,309329.0,0.0,0.0,309906.0,377538.0,397722.0,0.0,0.0,0.0,306404.0,285785.0,388299.0,549238.0,417100.0,703859.0,507071.0,506654.0,1635123.0,3020963.0,3099561.0,0.0,0.0,1875321.0,0.0,0.0,0.0,0.0,0.0,0.0,0.0,3016558.0,464846.0,0.0,0.0,0.0,0.0,0.0,0.0,548433.0,0.0,0.0,0.0,0.0,558641.0,361884.0,333082.0,336866.0,0.0,370100.0,3011589.0,0.0,0.0,0.0,0.0,0.0,0.0,0.0
75,0.0,0.0,0.0,303212.0,0.0,0.0,307301.0,0.0,0.0,312101.0,386901.0,399566.0,0.0,0.0,0.0,304494.0,0.0,387662.0,551196.0,417230.0,694375.0,528184.0,524120.0,1612003.0,3109147.0,3096381.0,0.0,0.0,1865073.0,0.0,0.0,0.0,0.0,0.0,0.0,0.0,0.0,468813.0,0.0,0.0,0.0,0.0,0.0,0.0,548597.0,3103913.0,1801806.0,0.0,0.0,554923.0,356426.0,323004.0,336587.0,0.0,372698.0,3162242.0,0.0,0.0,0.0,0.0,0.0,0.0,0.0
76,0.0,0.0,0.0,299024.0,0.0,0.0,307246.0,0.0,0.0,309479.0,374657.0,397809.0,0.0,0.0,0.0,301252.0,0.0,385754.0,545299.0,412333.0,681414.0,511722.0,503103.0,1565192.0,3111387.0,3042943.0,0.0,0.0,1821571.0,0.0,0.0,0.0,0.0,0.0,1711329.0,3063477.0,0.0,466885.0,0.0,0.0,0.0,0.0,0.0,0.0,544413.0,0.0,0.0,0.0,0.0,549549.0,358716.0,326245.0,346083.0,0.0,363127.0,3272397.0,0.0,0.0,0.0,0.0,0.0,0.0,0.0
77,0.0,0.0,0.0,0.0,0.0,0.0,312815.0,0.0,0.0,322987.0,375307.0,401520.0,0.0,0.0,0.0,302388.0,0.0,383431.0,554391.0,420324.0,682962.0,518931.0,504009.0,1562405.0,3185590.0,3014855.0,0.0,0.0,1848394.0,0.0,0.0,3025100.0,1648202.0,0.0,0.0,0.0,0.0,474753.0,0.0,0.0,0.0,0.0,0.0,0.0,552700.0,0.0,0.0,0.0,0.0,557853.0,350998.0,326293.0,343314.0,0.0,361199.0,4185227.0,0.0,300771.0,0.0,0.0,0.0,0.0,0.0
78,0.0,0.0,0.0,0.0,0.0,0.0,315782.0,0.0,0.0,321739.0,382704.0,404564.0,0.0,0.0,0.0,309363.0,0.0,383193.0,558080.0,417596.0,681617.0,521821.0,502086.0,1559325.0,3511186.0,2911787.0,0.0,0.0,1868485.0,0.0,0.0,0.0,0.0,0.0,0.0,0.0,0.0,474095.0,0.0,0.0,0.0,0.0,0.0,0.0,556370.0,0.0,0.0,1794287.0,3217481.0,564767.0,344268.0,334153.0,351938.0,0.0,363797.0,4388632.0,0.0,309229.0,0.0,0.0,0.0,0.0,0.0
79,0.0,0.0,0.0,0.0,0.0,0.0,313981.0,0.0,308981.0,317803.0,375047.0,399044.0,0.0,0.0,0.0,0.0,0.0,376138.0,555483.0,417761.0,674700.0,510141.0,495215.0,1532118.0,2930606.0,2782100.0,0.0,0.0,1867795.0,0.0,0.0,0.0,0.0,0.0,1723454.0,2826652.0,0.0,467309.0,0.0,0.0,0.0,0.0,0.0,0.0,551681.0,0.0,0.0,0.0,0.0,564905.0,336356.0,325299.0,345436.0,0.0,358304.0,4522654.0,0.0,304710.0,0.0,0.0,0.0,0.0,0.0
80,0.0,0.0,0.0,0.0,0.0,0.0,316685.0,0.0,309770.0,330798.0,372549.0,400247.0,0.0,0.0,0.0,0.0,0.0,377144.0,562277.0,420324.0,677409.0,550997.0,549528.0,1533798.0,3315242.0,2688080.0,0.0,0.0,1895275.0,0.0,0.0,0.0,0.0,0.0,0.0,0.0,0.0,468576.0,0.0,2763340.0,1696463.0,0.0,0.0,0.0,556035.0,0.0,0.0,0.0,0.0,575140.0,341542.0,323126.0,349988.0,0.0,363821.0,4578214.0,0.0,308406.0,0.0,0.0,0.0,0.0,0.0
81,0.0,0.0,0.0,0.0,0.0,0.0,319280.0,0.0,313839.0,367569.0,397127.0,400502.0,0.0,0.0,0.0,0.0,0.0,374653.0,557804.0,421513.0,678846.0,524144.0,493714.0,1531750.0,2958525.0,2601530.0,1853484.0,2744328.0,1939008.0,0.0,0.0,0.0,0.0,0.0,0.0,0.0,0.0,461633.0,0.0,0.0,0.0,0.0,0.0,0.0,556757.0,0.0,0.0,0.0,0.0,581286.0,369325.0,346665.0,493045.0,0.0,388542.0,4536125.0,0.0,312680.0,0.0,0.0,0.0,0.0,0.0
82,0.0,0.0,0.0,294881.0,0.0,0.0,319952.0,0.0,318753.0,362507.0,399403.0,399412.0,0.0,0.0,0.0,0.0,0.0,370869.0,566881.0,424092.0,676933.0,531507.0,523489.0,1525898.0,3385909.0,2551196.0,0.0,0.0,1965618.0,0.0,0.0,0.0,0.0,0.0,0.0,0.0,0.0,455048.0,0.0,0.0,0.0,0.0,0.0,0.0,553525.0,0.0,0.0,0.0,0.0,586133.0,366148.0,341964.0,507208.0,0.0,385528.0,4531433.0,302320.0,318652.0,0.0,0.0,0.0,0.0,0.0
83,0.0,0.0,0.0,0.0,0.0,0.0,324885.0,0.0,325176.0,337918.0,390545.0,399000.0,0.0,0.0,0.0,0.0,0.0,368432.0,555908.0,423166.0,684596.0,504473.0,494565.0,1527170.0,2514750.0,2502099.0,0.0,0.0,1990918.0,0.0,0.0,0.0,0.0,2504883.0,0.0,0.0,0.0,452771.0,0.0,0.0,0.0,0.0,0.0,0.0,548758.0,0.0,0.0,0.0,0.0,587692.0,348599.0,331813.0,490948.0,0.0,381171.0,4611852.0,303363.0,325473.0,0.0,0.0,0.0,0.0,0.0
84,0.0,0.0,0.0,0.0,0.0,0.0,330145.0,0.0,329517.0,362597.0,382699.0,396827.0,0.0,0.0,0.0,0.0,0.0,366918.0,557714.0,422425.0,686502.0,534227.0,524918.0,1522080.0,2790951.0,2454057.0,0.0,0.0,2002636.0,0.0,0.0,0.0,0.0,0.0,0.0,0.0,0.0,447928.0,0.0,0.0,0.0,1868081.0,2750524.0,0.0,546151.0,0.0,0.0,0.0,0.0,588961.0,366333.0,349587.0,490660.0,0.0,381105.0,4789726.0,0.0,329204.0,0.0,0.0,0.0,0.0,0.0
85,0.0,0.0,0.0,0.0,0.0,0.0,330261.0,0.0,331175.0,348364.0,390351.0,397238.0,0.0,0.0,0.0,0.0,0.0,364367.0,544646.0,423640.0,694938.0,497894.0,492978.0,1535901.0,2813944.0,2394556.0,0.0,0.0,2044759.0,2579087.0,1861571.0,0.0,0.0,0.0,0.0,0.0,0.0,443530.0,0.0,0.0,0.0,0.0,0.0,0.0,539529.0,0.0,0.0,0.0,0.0,591004.0,354239.0,345526.0,493992.0,0.0,390101.0,4980049.0,0.0,333299.0,0.0,0.0,0.0,0.0,0.0
86,0.0,0.0,0.0,0.0,0.0,0.0,330670.0,0.0,330698.0,350299.0,386197.0,396186.0,0.0,0.0,0.0,0.0,0.0,366955.0,553812.0,422713.0,697296.0,510402.0,490719.0,1547716.0,2542704.0,2348950.0,0.0,0.0,2058555.0,0.0,0.0,0.0,0.0,0.0,0.0,0.0,0.0,436787.0,0.0,0.0,0.0,0.0,0.0,0.0,533110.0,0.0,0.0,1935954.0,2447765.0,589996.0,354268.0,349523.0,496498.0,0.0,385892.0,5115273.0,0.0,337375.0,0.0,0.0,0.0,0.0,0.0
87,0.0,0.0,0.0,0.0,0.0,0.0,328609.0,0.0,329423.0,353752.0,381641.0,391975.0,0.0,0.0,0.0,0.0,0.0,357268.0,529412.0,414910.0,692637.0,484179.0,447703.0,1529403.0,3667258.0,2283980.0,0.0,0.0,2033873.0,0.0,0.0,0.0,0.0,0.0,0.0,0.0,0.0,426014.0,0.0,2449974.0,1756415.0,0.0,0.0,0.0,519099.0,0.0,0.0,0.0,0.0,579270.0,356667.0,347070.0,458624.0,0.0,380265.0,5074248.0,0.0,336421.0,0.0,0.0,0.0,0.0,0.0
88,0.0,0.0,0.0,0.0,0.0,0.0,0.0,0.0,339352.0,352721.0,382561.0,391118.0,0.0,0.0,0.0,0.0,0.0,355512.0,522809.0,408668.0,692964.0,467897.0,444273.0,1529869.0,2877828.0,2255524.0,0.0,0.0,2011356.0,0.0,0.0,2292863.0,1674316.0,0.0,0.0,0.0,0.0,417499.0,0.0,0.0,0.0,0.0,0.0,0.0,511996.0,0.0,0.0,0.0,0.0,577548.0,354779.0,350629.0,445595.0,0.0,377918.0,5048622.0,0.0,337892.0,347081.0,0.0,0.0,0.0,0.0
89,0.0,0.0,0.0,0.0,0.0,0.0,0.0,0.0,330155.0,343376.0,382200.0,385246.0,0.0,0.0,0.0,0.0,0.0,0.0,530022.0,406514.0,691926.0,501311.0,489200.0,1516592.0,2870167.0,2226699.0,0.0,0.0,1983287.0,0.0,0.0,2265308.0,1656601.0,0.0,0.0,0.0,0.0,409028.0,0.0,0.0,0.0,0.0,0.0,0.0,503266.0,0.0,0.0,0.0,0.0,575982.0,360784.0,352219.0,489298.0,0.0,370471.0,4985853.0,0.0,338602.0,330107.0,336025.0,0.0,0.0,0.0
90,0.0,0.0,0.0,0.0,0.0,0.0,0.0,0.0,338273.0,360211.0,384153.0,385055.0,0.0,0.0,0.0,0.0,0.0,0.0,497222.0,401310.0,688708.0,448467.0,435281.0,1499576.0,2444888.0,2191855.0,0.0,0.0,1952647.0,2303190.0,1789542.0,0.0,0.0,0.0,0.0,0.0,0.0,401337.0,0.0,0.0,0.0,0.0,0.0,0.0,493811.0,0.0,0.0,0.0,0.0,573318.0,362894.0,349533.0,447975.0,0.0,377594.0,4929394.0,0.0,337285.0,343754.0,367230.0,0.0,0.0,0.0
91,0.0,0.0,0.0,0.0,0.0,0.0,329882.0,0.0,342227.0,366108.0,392111.0,384426.0,0.0,0.0,0.0,0.0,0.0,0.0,490025.0,401558.0,685909.0,486197.0,472762.0,1482656.0,2298374.0,2156500.0,0.0,0.0,1926758.0,0.0,0.0,0.0,0.0,0.0,0.0,0.0,2231694.0,395851.0,0.0,0.0,0.0,0.0,0.0,0.0,481687.0,0.0,0.0,0.0,0.0,569962.0,378482.0,357714.0,485525.0,0.0,389031.0,4913153.0,0.0,336893.0,354665.0,487151.0,0.0,0.0,0.0
92,0.0,0.0,0.0,0.0,0.0,0.0,327871.0,0.0,361990.0,472467.0,559730.0,385836.0,0.0,0.0,0.0,0.0,0.0,0.0,684219.0,577299.0,684572.0,683927.0,585627.0,1475441.0,3455835.0,2127377.0,0.0,0.0,1910028.0,0.0,0.0,0.0,0.0,0.0,0.0,0.0,2831460.0,567742.0,0.0,0.0,0.0,0.0,0.0,0.0,583215.0,0.0,0.0,0.0,0.0,684399.0,549070.0,422652.0,683862.0,0.0,553307.0,4882964.0,0.0,343051.0,537830.0,684172.0,0.0,0.0,0.0
93,0.0,0.0,0.0,0.0,0.0,0.0,323498.0,0.0,340599.0,355226.0,382889.0,383243.0,0.0,0.0,0.0,0.0,0.0,0.0,548126.0,396357.0,671857.0,527794.0,503839.0,1452134.0,2955644.0,2124371.0,0.0,0.0,1863035.0,0.0,0.0,0.0,0.0,0.0,0.0,0.0,2564946.0,378725.0,0.0,0.0,0.0,0.0,0.0,0.0,462425.0,0.0,0.0,0.0,0.0,564973.0,363734.0,354490.0,511151.0,0.0,382471.0,4804841.0,0.0,339542.0,375007.0,539403.0,0.0,0.0,0.0
94,0.0,0.0,0.0,0.0,0.0,0.0,0.0,0.0,348780.0,373365.0,382721.0,382935.0,0.0,0.0,0.0,0.0,0.0,0.0,569616.0,396307.0,671064.0,525899.0,491213.0,1441716.0,2817658.0,2153443.0,0.0,0.0,1847792.0,0.0,0.0,0.0,0.0,0.0,0.0,0.0,0.0,370221.0,0.0,2233149.0,1624451.0,0.0,0.0,0.0,454845.0,0.0,0.0,0.0,0.0,564982.0,374697.0,372177.0,506526.0,0.0,380493.0,4802613.0,0.0,342775.0,376669.0,576478.0,0.0,0.0,0.0
95,0.0,0.0,0.0,0.0,0.0,0.0,0.0,0.0,349825.0,366621.0,380724.0,381194.0,0.0,0.0,0.0,0.0,0.0,0.0,565858.0,394152.0,668744.0,560893.0,556337.0,1434189.0,2685505.0,2169054.0,0.0,0.0,1824300.0,2396293.0,1683861.0,0.0,0.0,0.0,0.0,0.0,0.0,362508.0,0.0,0.0,0.0,0.0,0.0,0.0,449207.0,0.0,0.0,0.0,0.0,564120.0,369679.0,363306.0,558899.0,0.0,375900.0,4766124.0,0.0,344578.0,372334.0,611595.0,0.0,0.0,0.0
96,0.0,0.0,0.0,0.0,0.0,0.0,0.0,0.0,350813.0,362273.0,384785.0,385115.0,0.0,0.0,0.0,0.0,0.0,0.0,591786.0,395558.0,671341.0,563894.0,556221.0,1435883.0,2753464.0,2193660.0,0.0,0.0,1817330.0,0.0,0.0,0.0,0.0,0.0,1653308.0,2361602.0,0.0,356972.0,0.0,0.0,0.0,0.0,0.0,0.0,444487.0,0.0,0.0,0.0,0.0,565349.0,367523.0,358027.0,562219.0,0.0,376073.0,4823014.0,0.0,348517.0,374019.0,648551.0,0.0,0.0,0.0
97,0.0,0.0,0.0,0.0,0.0,0.0,0.0,0.0,348591.0,357425.0,382945.0,384968.0,0.0,0.0,0.0,0.0,0.0,0.0,578807.0,392390.0,663733.0,557584.0,549621.0,1417769.0,2420395.0,2141375.0,0.0,0.0,1792859.0,0.0,0.0,0.0,0.0,0.0,0.0,0.0,0.0,348540.0,0.0,0.0,0.0,1687834.0,2386913.0,0.0,436532.0,0.0,0.0,0.0,0.0,558431.0,361396.0,350350.0,553984.0,0.0,378760.0,4837598.0,0.0,349564.0,371159.0,679601.0,0.0,0.0,0.0
98,0.0,0.0,0.0,0.0,0.0,0.0,0.0,0.0,343370.0,362295.0,385397.0,385963.0,0.0,0.0,0.0,0.0,0.0,0.0,656800.0,386240.0,660217.0,654944.0,555069.0,1411091.0,2481700.0,2112852.0,0.0,0.0,1783662.0,0.0,0.0,0.0,0.0,2193999.0,0.0,0.0,0.0,342424.0,0.0,0.0,0.0,0.0,0.0,0.0,432090.0,0.0,0.0,0.0,0.0,655181.0,365576.0,357890.0,654058.0,0.0,379268.0,4881846.0,319996.0,353453.0,369723.0,739458.0,0.0,0.0,0.0
99,0.0,0.0,0.0,0.0,0.0,0.0,0.0,0.0,345604.0,366175.0,381649.0,382708.0,0.0,0.0,0.0,0.0,0.0,0.0,651590.0,387076.0,655948.0,648980.0,553113.0,1405007.0,3009580.0,2088792.0,1698341.0,2457108.0,1776315.0,0.0,0.0,0.0,0.0,0.0,0.0,0.0,0.0,337078.0,0.0,0.0,0.0,0.0,0.0,0.0,425283.0,0.0,0.0,0.0,0.0,649591.0,368727.0,363415.0,648283.0,0.0,377038.0,4929229.0,0.0,361245.0,373365.0,766476.0,0.0,0.0,0.0
100,0.0,0.0,0.0,0.0,0.0,0.0,0.0,0.0,347754.0,373199.0,381940.0,383854.0,0.0,0.0,0.0,0.0,0.0,0.0,641199.0,383940.0,646732.0,639678.0,551839.0,1395427.0,2903039.0,2057802.0,0.0,0.0,1756938.0,0.0,0.0,0.0,0.0,0.0,0.0,0.0,0.0,0.0,0.0,0.0,0.0,1655715.0,2801611.0,0.0,423221.0,0.0,0.0,0.0,0.0,639715.0,374056.0,370029.0,639470.0,0.0,378628.0,4938641.0,0.0,367879.0,377409.0,791341.0,337934.0,0.0,0.0
101,0.0,0.0,0.0,0.0,0.0,0.0,0.0,0.0,357520.0,375340.0,380017.0,383817.0,0.0,0.0,0.0,0.0,0.0,0.0,632287.0,381492.0,638965.0,629556.0,547554.0,1384228.0,2044042.0,2023495.0,0.0,0.0,1743389.0,0.0,0.0,0.0,0.0,0.0,0.0,0.0,0.0,0.0,0.0,0.0,0.0,0.0,0.0,0.0,415140.0,0.0,0.0,1657191.0,2033974.0,629697.0,376735.0,373289.0,627873.0,0.0,379352.0,4946269.0,0.0,372609.0,377821.0,831829.0,350477.0,0.0,0.0
102,0.0,0.0,0.0,0.0,0.0,0.0,0.0,0.0,372593.0,380351.0,382487.0,385376.0,0.0,0.0,0.0,0.0,0.0,0.0,626161.0,382618.0,630284.0,624983.0,539286.0,1375926.0,2713944.0,1996798.0,0.0,0.0,1734531.0,0.0,0.0,2039827.0,1483508.0,0.0,0.0,0.0,0.0,0.0,0.0,0.0,0.0,0.0,0.0,0.0,413178.0,0.0,0.0,0.0,0.0,625152.0,380805.0,379897.0,624399.0,0.0,381679.0,4973950.0,0.0,379523.0,381575.0,870931.0,370068.0,0.0,0.0
103,0.0,0.0,0.0,0.0,0.0,0.0,0.0,0.0,381532.0,386437.0,386792.0,386880.0,0.0,0.0,0.0,0.0,0.0,0.0,625304.0,386853.0,627483.0,624298.0,545862.0,1367591.0,3108735.0,1962087.0,1653970.0,2420747.0,1730096.0,0.0,0.0,0.0,0.0,0.0,0.0,0.0,0.0,0.0,0.0,0.0,0.0,0.0,0.0,0.0,409781.0,0.0,0.0,0.0,0.0,624481.0,386517.0,385937.0,624018.0,0.0,386653.0,4983747.0,0.0,380942.0,386617.0,918065.0,386354.0,0.0,0.0
104,0.0,0.0,0.0,0.0,0.0,0.0,0.0,0.0,379444.0,458757.0,518922.0,528765.0,0.0,0.0,0.0,0.0,0.0,0.0,763376.0,523248.0,844138.0,756554.0,537123.0,1357408.0,2654078.0,1938659.0,0.0,0.0,1721070.0,0.0,0.0,0.0,0.0,0.0,1564696.0,2153285.0,0.0,0.0,0.0,0.0,0.0,0.0,0.0,0.0,533443.0,0.0,0.0,0.0,0.0,757586.0,508343.0,382470.0,623063.0,0.0,516197.0,4968516.0,0.0,377535.0,508634.0,950207.0,395371.0,0.0,0.0
105,0.0,0.0,0.0,0.0,0.0,0.0,0.0,0.0,0.0,380026.0,381087.0,389163.0,0.0,0.0,0.0,0.0,0.0,0.0,782349.0,381152.0,817488.0,762518.0,530003.0,1350156.0,1966855.0,1916580.0,0.0,0.0,1712986.0,1938701.0,1582368.0,0.0,0.0,0.0,0.0,0.0,0.0,377360.0,0.0,0.0,0.0,0.0,0.0,0.0,404644.0,0.0,0.0,0.0,0.0,770576.0,380248.0,379655.0,619943.0,0.0,380791.0,4958313.0,0.0,375814.0,380451.0,976895.0,379814.0,0.0,0.0
106,0.0,0.0,0.0,0.0,0.0,0.0,0.0,0.0,0.0,381082.0,384353.0,391557.0,0.0,0.0,0.0,0.0,0.0,0.0,777515.0,384401.0,788672.0,772431.0,528576.0,1350867.0,2245051.0,1902598.0,0.0,0.0,1711856.0,0.0,0.0,0.0,0.0,1977938.0,0.0,0.0,0.0,373248.0,0.0,0.0,0.0,0.0,0.0,0.0,403525.0,0.0,0.0,0.0,0.0,773355.0,381813.0,379687.0,621225.0,0.0,383316.0,4983291.0,349880.0,372621.0,382794.0,999043.0,380109.0,0.0,0.0
107,0.0,0.0,0.0,0.0,0.0,0.0,0.0,0.0,0.0,378038.0,383669.0,389512.0,0.0,0.0,0.0,0.0,0.0,0.0,790597.0,384485.0,822931.0,783235.0,531530.0,1346434.0,2957015.0,1894629.0,0.0,0.0,1700120.0,0.0,0.0,0.0,0.0,0.0,0.0,0.0,2457694.0,369183.0,0.0,0.0,0.0,0.0,0.0,0.0,402619.0,0.0,0.0,0.0,0.0,783414.0,379703.0,376732.0,617479.0,0.0,382593.0,4992174.0,351240.0,366696.0,380659.0,1007564.0,377328.0,0.0,0.0
108,0.0,0.0,0.0,0.0,0.0,0.0,0.0,0.0,0.0,374148.0,380335.0,389116.0,0.0,0.0,0.0,0.0,0.0,0.0,825478.0,380372.0,864809.0,789066.0,529506.0,1338589.0,3120284.0,1891028.0,0.0,0.0,1684534.0,0.0,0.0,0.0,0.0,0.0,0.0,0.0,0.0,365793.0,0.0,2038539.0,1494265.0,0.0,0.0,0.0,400751.0,0.0,0.0,0.0,0.0,801689.0,375629.0,372093.0,615272.0,0.0,377730.0,4986017.0,0.0,0.0,377174.0,975515.0,372954.0,365503.0,0.0
109,0.0,0.0,0.0,0.0,0.0,0.0,0.0,0.0,0.0,448425.0,501621.0,510450.0,0.0,0.0,0.0,0.0,0.0,0.0,804115.0,510018.0,832644.0,791902.0,524535.0,1332796.0,1963289.0,1891802.0,0.0,0.0,1674300.0,1923257.0,1551359.0,0.0,0.0,0.0,0.0,0.0,0.0,386886.0,0.0,0.0,0.0,0.0,0.0,0.0,524011.0,0.0,0.0,0.0,0.0,795339.0,481696.0,367627.0,610943.0,0.0,494828.0,4974150.0,0.0,0.0,484525.0,932428.0,419351.0,452075.0,0.0
110,0.0,0.0,0.0,0.0,0.0,0.0,0.0,0.0,0.0,444886.0,515188.0,510816.0,0.0,0.0,0.0,0.0,0.0,0.0,819200.0,522868.0,842202.0,801253.0,521543.0,1328573.0,2828413.0,1901730.0,0.0,0.0,1666557.0,0.0,0.0,0.0,0.0,0.0,1521224.0,2179735.0,0.0,371222.0,0.0,0.0,0.0,0.0,0.0,0.0,524916.0,0.0,0.0,0.0,0.0,807605.0,479018.0,363286.0,608224.0,0.0,492917.0,4983966.0,0.0,0.0,482945.0,887140.0,418554.0,541020.0,0.0
111,0.0,0.0,0.0,0.0,0.0,0.0,0.0,0.0,0.0,364521.0,379327.0,382761.0,0.0,0.0,0.0,0.0,0.0,0.0,816927.0,382203.0,822570.0,812098.0,368345.0,1330300.0,2276211.0,1904256.0,0.0,0.0,1657627.0,2067917.0,1539790.0,0.0,0.0,0.0,0.0,0.0,0.0,360660.0,0.0,0.0,0.0,0.0,0.0,0.0,392362.0,0.0,0.0,0.0,0.0,812712.0,371355.0,357783.0,607149.0,0.0,377458.0,4971974.0,0.0,0.0,375027.0,861287.0,361466.0,654913.0,0.0
112,0.0,0.0,0.0,0.0,0.0,0.0,0.0,0.0,0.0,360273.0,382081.0,381217.0,0.0,0.0,0.0,0.0,0.0,0.0,813681.0,382105.0,817542.0,813539.0,371084.0,1324555.0,3051590.0,1885846.0,0.0,0.0,1637614.0,0.0,0.0,0.0,0.0,0.0,1502999.0,2235570.0,0.0,355894.0,0.0,0.0,0.0,0.0,0.0,0.0,389457.0,0.0,0.0,0.0,0.0,813595.0,363274.0,0.0,601787.0,0.0,379887.0,4926113.0,0.0,0.0,373569.0,834841.0,348557.0,766889.0,386969.0
113,0.0,0.0,0.0,0.0,0.0,0.0,0.0,0.0,0.0,432400.0,454259.0,381521.0,0.0,0.0,0.0,0.0,0.0,0.0,521920.0,462451.0,594662.0,474403.0,435266.0,1327518.0,2961519.0,1899563.0,0.0,0.0,1629290.0,0.0,0.0,0.0,0.0,2133194.0,0.0,0.0,0.0,392959.0,0.0,0.0,0.0,0.0,0.0,0.0,466401.0,0.0,0.0,0.0,0.0,478412.0,439948.0,344414.0,469224.0,0.0,451625.0,4945544.0,0.0,0.0,444386.0,822688.0,411567.0,476274.0,464939.0
114,0.0,0.0,0.0,0.0,0.0,0.0,0.0,0.0,0.0,428680.0,467859.0,381149.0,0.0,0.0,0.0,0.0,0.0,0.0,531814.0,469354.0,592496.0,509993.0,445451.0,1315699.0,3267828.0,1890978.0,0.0,0.0,1603713.0,0.0,0.0,0.0,0.0,0.0,0.0,0.0,0.0,387280.0,0.0,0.0,0.0,1523070.0,3102606.0,0.0,476729.0,0.0,0.0,0.0,0.0,477553.0,459773.0,0.0,473767.0,0.0,465295.0,4923767.0,0.0,0.0,460283.0,820203.0,410439.0,517642.0,524831.0
115,0.0,0.0,0.0,0.0,0.0,0.0,0.0,0.0,0.0,424461.0,467153.0,379691.0,0.0,0.0,0.0,0.0,0.0,0.0,589775.0,471931.0,587986.0,553817.0,441791.0,1299683.0,3318872.0,1879276.0,0.0,0.0,1581233.0,0.0,0.0,1965652.0,1384148.0,0.0,0.0,0.0,0.0,386356.0,0.0,0.0,0.0,0.0,0.0,0.0,474089.0,0.0,0.0,0.0,0.0,473568.0,452381.0,0.0,523983.0,0.0,458321.0,4887555.0,0.0,0.0,453794.0,817770.0,411069.0,584700.0,601188.0
116,0.0,0.0,0.0,0.0,0.0,0.0,0.0,0.0,0.0,420761.0,461776.0,375919.0,0.0,0.0,0.0,0.0,0.0,0.0,627096.0,467242.0,583554.0,549247.0,436614.0,1283579.0,2898423.0,1860714.0,0.0,0.0,1555603.0,0.0,0.0,0.0,0.0,0.0,0.0,0.0,0.0,380623.0,0.0,0.0,0.0,1479437.0,2773898.0,0.0,481545.0,0.0,0.0,0.0,0.0,469863.0,447461.0,0.0,502399.0,0.0,456012.0,4863452.0,0.0,0.0,447690.0,815461.0,412454.0,569764.0,691450.0
117,0.0,0.0,0.0,0.0,0.0,0.0,0.0,0.0,0.0,422035.0,457097.0,371908.0,0.0,0.0,0.0,0.0,0.0,0.0,613214.0,462429.0,579352.0,525229.0,441149.0,1273084.0,2254434.0,1843130.0,0.0,0.0,1535602.0,0.0,0.0,0.0,0.0,0.0,0.0,0.0,0.0,383036.0,0.0,0.0,0.0,0.0,0.0,0.0,470188.0,2085800.0,1469973.0,0.0,0.0,462972.0,446500.0,0.0,508359.0,0.0,454665.0,4840368.0,0.0,0.0,449365.0,807899.0,412125.0,568525.0,778454.0
118,0.0,0.0,0.0,0.0,0.0,0.0,0.0,0.0,0.0,422415.0,450666.0,367365.0,0.0,0.0,0.0,0.0,0.0,0.0,788654.0,453999.0,784683.0,781168.0,434788.0,1258304.0,2789499.0,1816140.0,0.0,0.0,1507099.0,0.0,0.0,0.0,0.0,0.0,0.0,0.0,0.0,384429.0,0.0,0.0,0.0,0.0,0.0,0.0,471687.0,0.0,0.0,0.0,0.0,454568.0,446426.0,0.0,583517.0,0.0,450100.0,4834383.0,342312.0,317913.0,446427.0,803727.0,409549.0,783918.0,858851.0
119,0.0,0.0,0.0,0.0,0.0,0.0,0.0,0.0,0.0,423384.0,445675.0,360311.0,0.0,0.0,0.0,0.0,0.0,0.0,776915.0,446052.0,766243.0,764628.0,444004.0,1243899.0,2931867.0,1799393.0,0.0,0.0,766096.0,0.0,0.0,0.0,0.0,0.0,0.0,0.0,2399605.0,365471.0,0.0,0.0,0.0,0.0,0.0,0.0,461903.0,0.0,0.0,0.0,0.0,446097.0,445107.0,0.0,574415.0,0.0,445401.0,4817561.0,342078.0,0.0,445132.0,798564.0,408223.0,1786424.0,1230050.0
120,0.0,0.0,0.0,0.0,0.0,0.0,0.0,0.0,0.0,423747.0,501058.0,356270.0,0.0,0.0,0.0,0.0,0.0,0.0,773217.0,519310.0,761052.0,756123.0,437669.0,1222773.0,2877297.0,1769406.0,0.0,0.0,759163.0,0.0,0.0,0.0,0.0,0.0,1566250.0,2178160.0,0.0,371937.0,0.0,0.0,0.0,0.0,0.0,0.0,546614.0,0.0,0.0,0.0,0.0,531919.0,442875.0,0.0,566200.0,0.0,466553.0,4769947.0,0.0,0.0,447891.0,790868.0,402914.0,1878529.0,1296950.0
121,0.0,0.0,0.0,0.0,0.0,0.0,0.0,0.0,0.0,428602.0,492297.0,353663.0,0.0,0.0,0.0,0.0,0.0,0.0,768776.0,506181.0,756759.0,753754.0,434415.0,1213572.0,3185033.0,1761483.0,0.0,0.0,756447.0,0.0,0.0,0.0,0.0,2241817.0,0.0,0.0,0.0,368700.0,0.0,0.0,0.0,0.0,0.0,0.0,561638.0,0.0,0.0,0.0,0.0,543535.0,444031.0,0.0,565569.0,0.0,474649.0,4764246.0,349043.0,0.0,450326.0,786992.0,403016.0,1975781.0,1369495.0
